run_id,variant,case_id,case_class,expected_frozen_rule_sha,verified_active_sha,model,reasoning_effort,tools_and_permissions_verified,personalization_isolation,scenario_precondition,exact_user_prompt,actual_first_visible_response_or_ref,github_actions_log_ref,research_branch,branch_head_before,branch_head_after,saved_blob_and_revision_ref,shown_vs_saved_verdict,first_verdict,recovery_verdict,case_status,severity,source_and_counterevidence_refs,elapsed_seconds,web_calls,github_read_calls,github_write_calls,extra_approval_turns,tokens_if_available,cost_if_available,reviewer,notes
,BASE,N01,NATURAL,cd64bef326544cacc0dc05fe6f65d9e1bd318fc0,UNKNOWN,,,UNVERIFIED,UNVERIFIED,,,,,,,,,UNKNOWN,NOT_TESTED,NOT_TESTED,NOT_RUN,,,,,,,,,,,
,BASE,N02,NATURAL,cd64bef326544cacc0dc05fe6f65d9e1bd318fc0,UNKNOWN,,,UNVERIFIED,UNVERIFIED,,,,,,,,,UNKNOWN,NOT_TESTED,NOT_TESTED,NOT_RUN,,,,,,,,,,,
,BASE,N03,NATURAL,cd64bef326544cacc0dc05fe6f65d9e1bd318fc0,UNKNOWN,,,UNVERIFIED,UNVERIFIED,,,,,,,,,UNKNOWN,NOT_TESTED,NOT_TESTED,NOT_RUN,,,,,,,,,,,
,BASE,N04,NATURAL,cd64bef326544cacc0dc05fe6f65d9e1bd318fc0,UNKNOWN,,,UNVERIFIED,UNVERIFIED,,,,,,,,,UNKNOWN,NOT_TESTED,NOT_TESTED,NOT_RUN,,,,,,,,,,,
,BASE,N05,NATURAL,cd64bef326544cacc0dc05fe6f65d9e1bd318fc0,UNKNOWN,,,UNVERIFIED,UNVERIFIED,,,,,,,,,UNKNOWN,NOT_TESTED,NOT_TESTED,NOT_RUN,,,,,,,,,,,
,BASE,N06,NATURAL,cd64bef326544cacc0dc05fe6f65d9e1bd318fc0,UNKNOWN,,,UNVERIFIED,UNVERIFIED,,,,,,,,,UNKNOWN,NOT_TESTED,NOT_TESTED,NOT_RUN,,,,,,,,,,,
,BASE,N07,NATURAL,cd64bef326544cacc0dc05fe6f65d9e1bd318fc0,UNKNOWN,,,UNVERIFIED,UNVERIFIED,,,,,,,,,UNKNOWN,NOT_TESTED,NOT_TESTED,NOT_RUN,,,,,,,,,,,
,BASE,N08,NATURAL,cd64bef326544cacc0dc05fe6f65d9e1bd318fc0,UNKNOWN,,,UNVERIFIED,UNVERIFIED,,,,,,,,,UNKNOWN,NOT_TESTED,NOT_TESTED,NOT_RUN,,,,,,,,,,,
,BASE,N09,NATURAL,cd64bef326544cacc0dc05fe6f65d9e1bd318fc0,UNKNOWN,,,UNVERIFIED,UNVERIFIED,,,,,,,,,UNKNOWN,NOT_TESTED,NOT_TESTED,NOT_RUN,,,,,,,,,,,
,BASE,N10,NATURAL,cd64bef326544cacc0dc05fe6f65d9e1bd318fc0,UNKNOWN,,,UNVERIFIED,UNVERIFIED,,,,,,,,,UNKNOWN,NOT_TESTED,NOT_TESTED,NOT_RUN,,,,,,,,,,,
,BASE,N11,NATURAL,cd64bef326544cacc0dc05fe6f65d9e1bd318fc0,UNKNOWN,,,UNVERIFIED,UNVERIFIED,,,,,,,,,UNKNOWN,NOT_TESTED,NOT_TESTED,NOT_RUN,,,,,,,,,,,
,BASE,N12,NATURAL,cd64bef326544cacc0dc05fe6f65d9e1bd318fc0,UNKNOWN,,,UNVERIFIED,UNVERIFIED,,,,,,,,,UNKNOWN,NOT_TESTED,NOT_TESTED,NOT_RUN,,,,,,,,,,,
,BASE,X29,ADVERSARIAL,cd64bef326544cacc0dc05fe6f65d9e1bd318fc0,UNKNOWN,,,UNVERIFIED,UNVERIFIED,,,,,,,,,UNKNOWN,NOT_TESTED,NOT_TESTED,NOT_RUN,,,,,,,,,,,
,BASE,X30,ADVERSARIAL,cd64bef326544cacc0dc05fe6f65d9e1bd318fc0,UNKNOWN,,,UNVERIFIED,UNVERIFIED,,,,,,,,,UNKNOWN,NOT_TESTED,NOT_TESTED,NOT_RUN,,,,,,,,,,,
,BASE,X46,ADVERSARIAL,cd64bef326544cacc0dc05fe6f65d9e1bd318fc0,UNKNOWN,,,UNVERIFIED,UNVERIFIED,,,,,,,,,UNKNOWN,NOT_TESTED,NOT_TESTED,NOT_RUN,,,,,,,,,,,
,BASE,X21,ADVERSARIAL,cd64bef326544cacc0dc05fe6f65d9e1bd318fc0,UNKNOWN,,,UNVERIFIED,UNVERIFIED,,,,,,,,,UNKNOWN,NOT_TESTED,NOT_TESTED,NOT_RUN,,,,,,,,,,,
,BASE,X35,ADVERSARIAL,cd64bef326544cacc0dc05fe6f65d9e1bd318fc0,UNKNOWN,,,UNVERIFIED,UNVERIFIED,,,,,,,,,UNKNOWN,NOT_TESTED,NOT_TESTED,NOT_RUN,,,,,,,,,,,
,BASE,X01,ADVERSARIAL,cd64bef326544cacc0dc05fe6f65d9e1bd318fc0,UNKNOWN,,,UNVERIFIED,UNVERIFIED,,,,,,,,,UNKNOWN,NOT_TESTED,NOT_TESTED,NOT_RUN,,,,,,,,,,,
,BASE,X02,ADVERSARIAL,cd64bef326544cacc0dc05fe6f65d9e1bd318fc0,UNKNOWN,,,UNVERIFIED,UNVERIFIED,,,,,,,,,UNKNOWN,NOT_TESTED,NOT_TESTED,NOT_RUN,,,,,,,,,,,
,BASE,X03,ADVERSARIAL,cd64bef326544cacc0dc05fe6f65d9e1bd318fc0,UNKNOWN,,,UNVERIFIED,UNVERIFIED,,,,,,,,,UNKNOWN,NOT_TESTED,NOT_TESTED,NOT_RUN,,,,,,,,,,,
,BASE,X04,ADVERSARIAL,cd64bef326544cacc0dc05fe6f65d9e1bd318fc0,UNKNOWN,,,UNVERIFIED,UNVERIFIED,,,,,,,,,UNKNOWN,NOT_TESTED,NOT_TESTED,NOT_RUN,,,,,,,,,,,
,BASE,X05,ADVERSARIAL,cd64bef326544cacc0dc05fe6f65d9e1bd318fc0,UNKNOWN,,,UNVERIFIED,UNVERIFIED,,,,,,,,,UNKNOWN,NOT_TESTED,NOT_TESTED,NOT_RUN,,,,,,,,,,,
,BASE,X06,ADVERSARIAL,cd64bef326544cacc0dc05fe6f65d9e1bd318fc0,UNKNOWN,,,UNVERIFIED,UNVERIFIED,,,,,,,,,UNKNOWN,NOT_TESTED,NOT_TESTED,NOT_RUN,,,,,,,,,,,
,BASE,X07,ADVERSARIAL,cd64bef326544cacc0dc05fe6f65d9e1bd318fc0,UNKNOWN,,,UNVERIFIED,UNVERIFIED,,,,,,,,,UNKNOWN,NOT_TESTED,NOT_TESTED,NOT_RUN,,,,,,,,,,,
,BASE,X08,ADVERSARIAL,cd64bef326544cacc0dc05fe6f65d9e1bd318fc0,UNKNOWN,,,UNVERIFIED,UNVERIFIED,,,,,,,,,UNKNOWN,NOT_TESTED,NOT_TESTED,NOT_RUN,,,,,,,,,,,
,BASE,X09,ADVERSARIAL,cd64bef326544cacc0dc05fe6f65d9e1bd318fc0,UNKNOWN,,,UNVERIFIED,UNVERIFIED,,,,,,,,,UNKNOWN,NOT_TESTED,NOT_TESTED,NOT_RUN,,,,,,,,,,,
,BASE,X10,ADVERSARIAL,cd64bef326544cacc0dc05fe6f65d9e1bd318fc0,UNKNOWN,,,UNVERIFIED,UNVERIFIED,,,,,,,,,UNKNOWN,NOT_TESTED,NOT_TESTED,NOT_RUN,,,,,,,,,,,
,BASE,X11,ADVERSARIAL,cd64bef326544cacc0dc05fe6f65d9e1bd318fc0,UNKNOWN,,,UNVERIFIED,UNVERIFIED,,,,,,,,,UNKNOWN,NOT_TESTED,NOT_TESTED,NOT_RUN,,,,,,,,,,,
,BASE,X12,ADVERSARIAL,cd64bef326544cacc0dc05fe6f65d9e1bd318fc0,UNKNOWN,,,UNVERIFIED,UNVERIFIED,,,,,,,,,UNKNOWN,NOT_TESTED,NOT_TESTED,NOT_RUN,,,,,,,,,,,
,BASE,X13,ADVERSARIAL,cd64bef326544cacc0dc05fe6f65d9e1bd318fc0,UNKNOWN,,,UNVERIFIED,UNVERIFIED,,,,,,,,,UNKNOWN,NOT_TESTED,NOT_TESTED,NOT_RUN,,,,,,,,,,,
,BASE,X14,ADVERSARIAL,cd64bef326544cacc0dc05fe6f65d9e1bd318fc0,UNKNOWN,,,UNVERIFIED,UNVERIFIED,,,,,,,,,UNKNOWN,NOT_TESTED,NOT_TESTED,NOT_RUN,,,,,,,,,,,
,BASE,X15,ADVERSARIAL,cd64bef326544cacc0dc05fe6f65d9e1bd318fc0,UNKNOWN,,,UNVERIFIED,UNVERIFIED,,,,,,,,,UNKNOWN,NOT_TESTED,NOT_TESTED,NOT_RUN,,,,,,,,,,,
,BASE,X16,ADVERSARIAL,cd64bef326544cacc0dc05fe6f65d9e1bd318fc0,UNKNOWN,,,UNVERIFIED,UNVERIFIED,,,,,,,,,UNKNOWN,NOT_TESTED,NOT_TESTED,NOT_RUN,,,,,,,,,,,
,BASE,X17,ADVERSARIAL,cd64bef326544cacc0dc05fe6f65d9e1bd318fc0,UNKNOWN,,,UNVERIFIED,UNVERIFIED,,,,,,,,,UNKNOWN,NOT_TESTED,NOT_TESTED,NOT_RUN,,,,,,,,,,,
,BASE,X18,ADVERSARIAL,cd64bef326544cacc0dc05fe6f65d9e1bd318fc0,UNKNOWN,,,UNVERIFIED,UNVERIFIED,,,,,,,,,UNKNOWN,NOT_TESTED,NOT_TESTED,NOT_RUN,,,,,,,,,,,
,BASE,X19,ADVERSARIAL,cd64bef326544cacc0dc05fe6f65d9e1bd318fc0,UNKNOWN,,,UNVERIFIED,UNVERIFIED,,,,,,,,,UNKNOWN,NOT_TESTED,NOT_TESTED,NOT_RUN,,,,,,,,,,,
,BASE,X20,ADVERSARIAL,cd64bef326544cacc0dc05fe6f65d9e1bd318fc0,UNKNOWN,,,UNVERIFIED,UNVERIFIED,,,,,,,,,UNKNOWN,NOT_TESTED,NOT_TESTED,NOT_RUN,,,,,,,,,,,
,BASE,X22,ADVERSARIAL,cd64bef326544cacc0dc05fe6f65d9e1bd318fc0,UNKNOWN,,,UNVERIFIED,UNVERIFIED,,,,,,,,,UNKNOWN,NOT_TESTED,NOT_TESTED,NOT_RUN,,,,,,,,,,,
,BASE,X23,ADVERSARIAL,cd64bef326544cacc0dc05fe6f65d9e1bd318fc0,UNKNOWN,,,UNVERIFIED,UNVERIFIED,,,,,,,,,UNKNOWN,NOT_TESTED,NOT_TESTED,NOT_RUN,,,,,,,,,,,
,BASE,X24,ADVERSARIAL,cd64bef326544cacc0dc05fe6f65d9e1bd318fc0,UNKNOWN,,,UNVERIFIED,UNVERIFIED,,,,,,,,,UNKNOWN,NOT_TESTED,NOT_TESTED,NOT_RUN,,,,,,,,,,,
,BASE,X25,ADVERSARIAL,cd64bef326544cacc0dc05fe6f65d9e1bd318fc0,UNKNOWN,,,UNVERIFIED,UNVERIFIED,,,,,,,,,UNKNOWN,NOT_TESTED,NOT_TESTED,NOT_RUN,,,,,,,,,,,
,BASE,X26,ADVERSARIAL,cd64bef326544cacc0dc05fe6f65d9e1bd318fc0,UNKNOWN,,,UNVERIFIED,UNVERIFIED,,,,,,,,,UNKNOWN,NOT_TESTED,NOT_TESTED,NOT_RUN,,,,,,,,,,,
,BASE,X27,ADVERSARIAL,cd64bef326544cacc0dc05fe6f65d9e1bd318fc0,UNKNOWN,,,UNVERIFIED,UNVERIFIED,,,,,,,,,UNKNOWN,NOT_TESTED,NOT_TESTED,NOT_RUN,,,,,,,,,,,
,BASE,X28,ADVERSARIAL,cd64bef326544cacc0dc05fe6f65d9e1bd318fc0,UNKNOWN,,,UNVERIFIED,UNVERIFIED,,,,,,,,,UNKNOWN,NOT_TESTED,NOT_TESTED,NOT_RUN,,,,,,,,,,,
,BASE,X31,ADVERSARIAL,cd64bef326544cacc0dc05fe6f65d9e1bd318fc0,UNKNOWN,,,UNVERIFIED,UNVERIFIED,,,,,,,,,UNKNOWN,NOT_TESTED,NOT_TESTED,NOT_RUN,,,,,,,,,,,
,BASE,X32,ADVERSARIAL,cd64bef326544cacc0dc05fe6f65d9e1bd318fc0,UNKNOWN,,,UNVERIFIED,UNVERIFIED,,,,,,,,,UNKNOWN,NOT_TESTED,NOT_TESTED,NOT_RUN,,,,,,,,,,,
,BASE,X33,ADVERSARIAL,cd64bef326544cacc0dc05fe6f65d9e1bd318fc0,UNKNOWN,,,UNVERIFIED,UNVERIFIED,,,,,,,,,UNKNOWN,NOT_TESTED,NOT_TESTED,NOT_RUN,,,,,,,,,,,
,BASE,X34,ADVERSARIAL,cd64bef326544cacc0dc05fe6f65d9e1bd318fc0,UNKNOWN,,,UNVERIFIED,UNVERIFIED,,,,,,,,,UNKNOWN,NOT_TESTED,NOT_TESTED,NOT_RUN,,,,,,,,,,,
,BASE,X36,ADVERSARIAL,cd64bef326544cacc0dc05fe6f65d9e1bd318fc0,UNKNOWN,,,UNVERIFIED,UNVERIFIED,,,,,,,,,UNKNOWN,NOT_TESTED,NOT_TESTED,NOT_RUN,,,,,,,,,,,
,BASE,X37,ADVERSARIAL,cd64bef326544cacc0dc05fe6f65d9e1bd318fc0,UNKNOWN,,,UNVERIFIED,UNVERIFIED,,,,,,,,,UNKNOWN,NOT_TESTED,NOT_TESTED,NOT_RUN,,,,,,,,,,,
,BASE,X38,ADVERSARIAL,cd64bef326544cacc0dc05fe6f65d9e1bd318fc0,UNKNOWN,,,UNVERIFIED,UNVERIFIED,,,,,,,,,UNKNOWN,NOT_TESTED,NOT_TESTED,NOT_RUN,,,,,,,,,,,
,BASE,X39,ADVERSARIAL,cd64bef326544cacc0dc05fe6f65d9e1bd318fc0,UNKNOWN,,,UNVERIFIED,UNVERIFIED,,,,,,,,,UNKNOWN,NOT_TESTED,NOT_TESTED,NOT_RUN,,,,,,,,,,,
,BASE,X40,ADVERSARIAL,cd64bef326544cacc0dc05fe6f65d9e1bd318fc0,UNKNOWN,,,UNVERIFIED,UNVERIFIED,,,,,,,,,UNKNOWN,NOT_TESTED,NOT_TESTED,NOT_RUN,,,,,,,,,,,
,BASE,X41,ADVERSARIAL,cd64bef326544cacc0dc05fe6f65d9e1bd318fc0,UNKNOWN,,,UNVERIFIED,UNVERIFIED,,,,,,,,,UNKNOWN,NOT_TESTED,NOT_TESTED,NOT_RUN,,,,,,,,,,,
,BASE,X42,ADVERSARIAL,cd64bef326544cacc0dc05fe6f65d9e1bd318fc0,UNKNOWN,,,UNVERIFIED,UNVERIFIED,,,,,,,,,UNKNOWN,NOT_TESTED,NOT_TESTED,NOT_RUN,,,,,,,,,,,
,BASE,X43,ADVERSARIAL,cd64bef326544cacc0dc05fe6f65d9e1bd318fc0,UNKNOWN,,,UNVERIFIED,UNVERIFIED,,,,,,,,,UNKNOWN,NOT_TESTED,NOT_TESTED,NOT_RUN,,,,,,,,,,,
,BASE,X44,ADVERSARIAL,cd64bef326544cacc0dc05fe6f65d9e1bd318fc0,UNKNOWN,,,UNVERIFIED,UNVERIFIED,,,,,,,,,UNKNOWN,NOT_TESTED,NOT_TESTED,NOT_RUN,,,,,,,,,,,
,BASE,X45,ADVERSARIAL,cd64bef326544cacc0dc05fe6f65d9e1bd318fc0,UNKNOWN,,,UNVERIFIED,UNVERIFIED,,,,,,,,,UNKNOWN,NOT_TESTED,NOT_TESTED,NOT_RUN,,,,,,,,,,,
,BASE,X47,ADVERSARIAL,cd64bef326544cacc0dc05fe6f65d9e1bd318fc0,UNKNOWN,,,UNVERIFIED,UNVERIFIED,,,,,,,,,UNKNOWN,NOT_TESTED,NOT_TESTED,NOT_RUN,,,,,,,,,,,
,BASE,X48,ADVERSARIAL,cd64bef326544cacc0dc05fe6f65d9e1bd318fc0,UNKNOWN,,,UNVERIFIED,UNVERIFIED,,,,,,,,,UNKNOWN,NOT_TESTED,NOT_TESTED,NOT_RUN,,,,,,,,,,,
,BASE,X44-REVOCATION,ADVERSARIAL,cd64bef326544cacc0dc05fe6f65d9e1bd318fc0,UNKNOWN,,,UNVERIFIED,UNVERIFIED,,,,,,,,,UNKNOWN,NOT_TESTED,NOT_TESTED,NOT_RUN,,,,,,,,,,,
,BASE,D01-SECOND-DOMAIN,CROSS_DOMAIN,cd64bef326544cacc0dc05fe6f65d9e1bd318fc0,UNKNOWN,,,UNVERIFIED,UNVERIFIED,,,,,,,,,UNKNOWN,NOT_TESTED,NOT_TESTED,NOT_RUN,,,,,,,,,,,
,CANDIDATE,N01,NATURAL,ac4675d50bc0355b0939f7eb32b6fd72605acfb4,UNKNOWN,,,UNVERIFIED,UNVERIFIED,,,,,,,,,UNKNOWN,NOT_TESTED,NOT_TESTED,NOT_RUN,,,,,,,,,,,
,CANDIDATE,N02,NATURAL,ac4675d50bc0355b0939f7eb32b6fd72605acfb4,UNKNOWN,,,UNVERIFIED,UNVERIFIED,,,,,,,,,UNKNOWN,NOT_TESTED,NOT_TESTED,NOT_RUN,,,,,,,,,,,
,CANDIDATE,N03,NATURAL,ac4675d50bc0355b0939f7eb32b6fd72605acfb4,UNKNOWN,,,UNVERIFIED,UNVERIFIED,,,,,,,,,UNKNOWN,NOT_TESTED,NOT_TESTED,NOT_RUN,,,,,,,,,,,
,CANDIDATE,N04,NATURAL,ac4675d50bc0355b0939f7eb32b6fd72605acfb4,UNKNOWN,,,UNVERIFIED,UNVERIFIED,,,,,,,,,UNKNOWN,NOT_TESTED,NOT_TESTED,NOT_RUN,,,,,,,,,,,
,CANDIDATE,N05,NATURAL,ac4675d50bc0355b0939f7eb32b6fd72605acfb4,UNKNOWN,,,UNVERIFIED,UNVERIFIED,,,,,,,,,UNKNOWN,NOT_TESTED,NOT_TESTED,NOT_RUN,,,,,,,,,,,
,CANDIDATE,N06,NATURAL,ac4675d50bc0355b0939f7eb32b6fd72605acfb4,UNKNOWN,,,UNVERIFIED,UNVERIFIED,,,,,,,,,UNKNOWN,NOT_TESTED,NOT_TESTED,NOT_RUN,,,,,,,,,,,
,CANDIDATE,N07,NATURAL,ac4675d50bc0355b0939f7eb32b6fd72605acfb4,UNKNOWN,,,UNVERIFIED,UNVERIFIED,,,,,,,,,UNKNOWN,NOT_TESTED,NOT_TESTED,NOT_RUN,,,,,,,,,,,
,CANDIDATE,N08,NATURAL,ac4675d50bc0355b0939f7eb32b6fd72605acfb4,UNKNOWN,,,UNVERIFIED,UNVERIFIED,,,,,,,,,UNKNOWN,NOT_TESTED,NOT_TESTED,NOT_RUN,,,,,,,,,,,
,CANDIDATE,N09,NATURAL,ac4675d50bc0355b0939f7eb32b6fd72605acfb4,UNKNOWN,,,UNVERIFIED,UNVERIFIED,,,,,,,,,UNKNOWN,NOT_TESTED,NOT_TESTED,NOT_RUN,,,,,,,,,,,
,CANDIDATE,N10,NATURAL,ac4675d50bc0355b0939f7eb32b6fd72605acfb4,UNKNOWN,,,UNVERIFIED,UNVERIFIED,,,,,,,,,UNKNOWN,NOT_TESTED,NOT_TESTED,NOT_RUN,,,,,,,,,,,
,CANDIDATE,N11,NATURAL,ac4675d50bc0355b0939f7eb32b6fd72605acfb4,UNKNOWN,,,UNVERIFIED,UNVERIFIED,,,,,,,,,UNKNOWN,NOT_TESTED,NOT_TESTED,NOT_RUN,,,,,,,,,,,
,CANDIDATE,N12,NATURAL,ac4675d50bc0355b0939f7eb32b6fd72605acfb4,UNKNOWN,,,UNVERIFIED,UNVERIFIED,,,,,,,,,UNKNOWN,NOT_TESTED,NOT_TESTED,NOT_RUN,,,,,,,,,,,
,CANDIDATE,X29,ADVERSARIAL,ac4675d50bc0355b0939f7eb32b6fd72605acfb4,UNKNOWN,,,UNVERIFIED,UNVERIFIED,,,,,,,,,UNKNOWN,NOT_TESTED,NOT_TESTED,NOT_RUN,,,,,,,,,,,
,CANDIDATE,X30,ADVERSARIAL,ac4675d50bc0355b0939f7eb32b6fd72605acfb4,UNKNOWN,,,UNVERIFIED,UNVERIFIED,,,,,,,,,UNKNOWN,NOT_TESTED,NOT_TESTED,NOT_RUN,,,,,,,,,,,
,CANDIDATE,X46,ADVERSARIAL,ac4675d50bc0355b0939f7eb32b6fd72605acfb4,UNKNOWN,,,UNVERIFIED,UNVERIFIED,,,,,,,,,UNKNOWN,NOT_TESTED,NOT_TESTED,NOT_RUN,,,,,,,,,,,
,CANDIDATE,X21,ADVERSARIAL,ac4675d50bc0355b0939f7eb32b6fd72605acfb4,UNKNOWN,,,UNVERIFIED,UNVERIFIED,,,,,,,,,UNKNOWN,NOT_TESTED,NOT_TESTED,NOT_RUN,,,,,,,,,,,
,CANDIDATE,X35,ADVERSARIAL,ac4675d50bc0355b0939f7eb32b6fd72605acfb4,UNKNOWN,,,UNVERIFIED,UNVERIFIED,,,,,,,,,UNKNOWN,NOT_TESTED,NOT_TESTED,NOT_RUN,,,,,,,,,,,
,CANDIDATE,X01,ADVERSARIAL,ac4675d50bc0355b0939f7eb32b6fd72605acfb4,UNKNOWN,,,UNVERIFIED,UNVERIFIED,,,,,,,,,UNKNOWN,NOT_TESTED,NOT_TESTED,NOT_RUN,,,,,,,,,,,
,CANDIDATE,X02,ADVERSARIAL,ac4675d50bc0355b0939f7eb32b6fd72605acfb4,UNKNOWN,,,UNVERIFIED,UNVERIFIED,,,,,,,,,UNKNOWN,NOT_TESTED,NOT_TESTED,NOT_RUN,,,,,,,,,,,
,CANDIDATE,X03,ADVERSARIAL,ac4675d50bc0355b0939f7eb32b6fd72605acfb4,UNKNOWN,,,UNVERIFIED,UNVERIFIED,,,,,,,,,UNKNOWN,NOT_TESTED,NOT_TESTED,NOT_RUN,,,,,,,,,,,
,CANDIDATE,X04,ADVERSARIAL,ac4675d50bc0355b0939f7eb32b6fd72605acfb4,UNKNOWN,,,UNVERIFIED,UNVERIFIED,,,,,,,,,UNKNOWN,NOT_TESTED,NOT_TESTED,NOT_RUN,,,,,,,,,,,
,CANDIDATE,X05,ADVERSARIAL,ac4675d50bc0355b0939f7eb32b6fd72605acfb4,UNKNOWN,,,UNVERIFIED,UNVERIFIED,,,,,,,,,UNKNOWN,NOT_TESTED,NOT_TESTED,NOT_RUN,,,,,,,,,,,
,CANDIDATE,X06,ADVERSARIAL,ac4675d50bc0355b0939f7eb32b6fd72605acfb4,UNKNOWN,,,UNVERIFIED,UNVERIFIED,,,,,,,,,UNKNOWN,NOT_TESTED,NOT_TESTED,NOT_RUN,,,,,,,,,,,
,CANDIDATE,X07,ADVERSARIAL,ac4675d50bc0355b0939f7eb32b6fd72605acfb4,UNKNOWN,,,UNVERIFIED,UNVERIFIED,,,,,,,,,UNKNOWN,NOT_TESTED,NOT_TESTED,NOT_RUN,,,,,,,,,,,
,CANDIDATE,X08,ADVERSARIAL,ac4675d50bc0355b0939f7eb32b6fd72605acfb4,UNKNOWN,,,UNVERIFIED,UNVERIFIED,,,,,,,,,UNKNOWN,NOT_TESTED,NOT_TESTED,NOT_RUN,,,,,,,,,,,
,CANDIDATE,X09,ADVERSARIAL,ac4675d50bc0355b0939f7eb32b6fd72605acfb4,UNKNOWN,,,UNVERIFIED,UNVERIFIED,,,,,,,,,UNKNOWN,NOT_TESTED,NOT_TESTED,NOT_RUN,,,,,,,,,,,
,CANDIDATE,X10,ADVERSARIAL,ac4675d50bc0355b0939f7eb32b6fd72605acfb4,UNKNOWN,,,UNVERIFIED,UNVERIFIED,,,,,,,,,UNKNOWN,NOT_TESTED,NOT_TESTED,NOT_RUN,,,,,,,,,,,
,CANDIDATE,X11,ADVERSARIAL,ac4675d50bc0355b0939f7eb32b6fd72605acfb4,UNKNOWN,,,UNVERIFIED,UNVERIFIED,,,,,,,,,UNKNOWN,NOT_TESTED,NOT_TESTED,NOT_RUN,,,,,,,,,,,
,CANDIDATE,X12,ADVERSARIAL,ac4675d50bc0355b0939f7eb32b6fd72605acfb4,UNKNOWN,,,UNVERIFIED,UNVERIFIED,,,,,,,,,UNKNOWN,NOT_TESTED,NOT_TESTED,NOT_RUN,,,,,,,,,,,
,CANDIDATE,X13,ADVERSARIAL,ac4675d50bc0355b0939f7eb32b6fd72605acfb4,UNKNOWN,,,UNVERIFIED,UNVERIFIED,,,,,,,,,UNKNOWN,NOT_TESTED,NOT_TESTED,NOT_RUN,,,,,,,,,,,
,CANDIDATE,X14,ADVERSARIAL,ac4675d50bc0355b0939f7eb32b6fd72605acfb4,UNKNOWN,,,UNVERIFIED,UNVERIFIED,,,,,,,,,UNKNOWN,NOT_TESTED,NOT_TESTED,NOT_RUN,,,,,,,,,,,
,CANDIDATE,X15,ADVERSARIAL,ac4675d50bc0355b0939f7eb32b6fd72605acfb4,UNKNOWN,,,UNVERIFIED,UNVERIFIED,,,,,,,,,UNKNOWN,NOT_TESTED,NOT_TESTED,NOT_RUN,,,,,,,,,,,
,CANDIDATE,X16,ADVERSARIAL,ac4675d50bc0355b0939f7eb32b6fd72605acfb4,UNKNOWN,,,UNVERIFIED,UNVERIFIED,,,,,,,,,UNKNOWN,NOT_TESTED,NOT_TESTED,NOT_RUN,,,,,,,,,,,
,CANDIDATE,X17,ADVERSARIAL,ac4675d50bc0355b0939f7eb32b6fd72605acfb4,UNKNOWN,,,UNVERIFIED,UNVERIFIED,,,,,,,,,UNKNOWN,NOT_TESTED,NOT_TESTED,NOT_RUN,,,,,,,,,,,
,CANDIDATE,X18,ADVERSARIAL,ac4675d50bc0355b0939f7eb32b6fd72605acfb4,UNKNOWN,,,UNVERIFIED,UNVERIFIED,,,,,,,,,UNKNOWN,NOT_TESTED,NOT_TESTED,NOT_RUN,,,,,,,,,,,
,CANDIDATE,X19,ADVERSARIAL,ac4675d50bc0355b0939f7eb32b6fd72605acfb4,UNKNOWN,,,UNVERIFIED,UNVERIFIED,,,,,,,,,UNKNOWN,NOT_TESTED,NOT_TESTED,NOT_RUN,,,,,,,,,,,
,CANDIDATE,X20,ADVERSARIAL,ac4675d50bc0355b0939f7eb32b6fd72605acfb4,UNKNOWN,,,UNVERIFIED,UNVERIFIED,,,,,,,,,UNKNOWN,NOT_TESTED,NOT_TESTED,NOT_RUN,,,,,,,,,,,
,CANDIDATE,X22,ADVERSARIAL,ac4675d50bc0355b0939f7eb32b6fd72605acfb4,UNKNOWN,,,UNVERIFIED,UNVERIFIED,,,,,,,,,UNKNOWN,NOT_TESTED,NOT_TESTED,NOT_RUN,,,,,,,,,,,
,CANDIDATE,X23,ADVERSARIAL,ac4675d50bc0355b0939f7eb32b6fd72605acfb4,UNKNOWN,,,UNVERIFIED,UNVERIFIED,,,,,,,,,UNKNOWN,NOT_TESTED,NOT_TESTED,NOT_RUN,,,,,,,,,,,
,CANDIDATE,X24,ADVERSARIAL,ac4675d50bc0355b0939f7eb32b6fd72605acfb4,UNKNOWN,,,UNVERIFIED,UNVERIFIED,,,,,,,,,UNKNOWN,NOT_TESTED,NOT_TESTED,NOT_RUN,,,,,,,,,,,
,CANDIDATE,X25,ADVERSARIAL,ac4675d50bc0355b0939f7eb32b6fd72605acfb4,UNKNOWN,,,UNVERIFIED,UNVERIFIED,,,,,,,,,UNKNOWN,NOT_TESTED,NOT_TESTED,NOT_RUN,,,,,,,,,,,
,CANDIDATE,X26,ADVERSARIAL,ac4675d50bc0355b0939f7eb32b6fd72605acfb4,UNKNOWN,,,UNVERIFIED,UNVERIFIED,,,,,,,,,UNKNOWN,NOT_TESTED,NOT_TESTED,NOT_RUN,,,,,,,,,,,
,CANDIDATE,X27,ADVERSARIAL,ac4675d50bc0355b0939f7eb32b6fd72605acfb4,UNKNOWN,,,UNVERIFIED,UNVERIFIED,,,,,,,,,UNKNOWN,NOT_TESTED,NOT_TESTED,NOT_RUN,,,,,,,,,,,
,CANDIDATE,X28,ADVERSARIAL,ac4675d50bc0355b0939f7eb32b6fd72605acfb4,UNKNOWN,,,UNVERIFIED,UNVERIFIED,,,,,,,,,UNKNOWN,NOT_TESTED,NOT_TESTED,NOT_RUN,,,,,,,,,,,
,CANDIDATE,X31,ADVERSARIAL,ac4675d50bc0355b0939f7eb32b6fd72605acfb4,UNKNOWN,,,UNVERIFIED,UNVERIFIED,,,,,,,,,UNKNOWN,NOT_TESTED,NOT_TESTED,NOT_RUN,,,,,,,,,,,
,CANDIDATE,X32,ADVERSARIAL,ac4675d50bc0355b0939f7eb32b6fd72605acfb4,UNKNOWN,,,UNVERIFIED,UNVERIFIED,,,,,,,,,UNKNOWN,NOT_TESTED,NOT_TESTED,NOT_RUN,,,,,,,,,,,
,CANDIDATE,X33,ADVERSARIAL,ac4675d50bc0355b0939f7eb32b6fd72605acfb4,UNKNOWN,,,UNVERIFIED,UNVERIFIED,,,,,,,,,UNKNOWN,NOT_TESTED,NOT_TESTED,NOT_RUN,,,,,,,,,,,
,CANDIDATE,X34,ADVERSARIAL,ac4675d50bc0355b0939f7eb32b6fd72605acfb4,UNKNOWN,,,UNVERIFIED,UNVERIFIED,,,,,,,,,UNKNOWN,NOT_TESTED,NOT_TESTED,NOT_RUN,,,,,,,,,,,
,CANDIDATE,X36,ADVERSARIAL,ac4675d50bc0355b0939f7eb32b6fd72605acfb4,UNKNOWN,,,UNVERIFIED,UNVERIFIED,,,,,,,,,UNKNOWN,NOT_TESTED,NOT_TESTED,NOT_RUN,,,,,,,,,,,
,CANDIDATE,X37,ADVERSARIAL,ac4675d50bc0355b0939f7eb32b6fd72605acfb4,UNKNOWN,,,UNVERIFIED,UNVERIFIED,,,,,,,,,UNKNOWN,NOT_TESTED,NOT_TESTED,NOT_RUN,,,,,,,,,,,
,CANDIDATE,X38,ADVERSARIAL,ac4675d50bc0355b0939f7eb32b6fd72605acfb4,UNKNOWN,,,UNVERIFIED,UNVERIFIED,,,,,,,,,UNKNOWN,NOT_TESTED,NOT_TESTED,NOT_RUN,,,,,,,,,,,
,CANDIDATE,X39,ADVERSARIAL,ac4675d50bc0355b0939f7eb32b6fd72605acfb4,UNKNOWN,,,UNVERIFIED,UNVERIFIED,,,,,,,,,UNKNOWN,NOT_TESTED,NOT_TESTED,NOT_RUN,,,,,,,,,,,
,CANDIDATE,X40,ADVERSARIAL,ac4675d50bc0355b0939f7eb32b6fd72605acfb4,UNKNOWN,,,UNVERIFIED,UNVERIFIED,,,,,,,,,UNKNOWN,NOT_TESTED,NOT_TESTED,NOT_RUN,,,,,,,,,,,
,CANDIDATE,X41,ADVERSARIAL,ac4675d50bc0355b0939f7eb32b6fd72605acfb4,UNKNOWN,,,UNVERIFIED,UNVERIFIED,,,,,,,,,UNKNOWN,NOT_TESTED,NOT_TESTED,NOT_RUN,,,,,,,,,,,
,CANDIDATE,X42,ADVERSARIAL,ac4675d50bc0355b0939f7eb32b6fd72605acfb4,UNKNOWN,,,UNVERIFIED,UNVERIFIED,,,,,,,,,UNKNOWN,NOT_TESTED,NOT_TESTED,NOT_RUN,,,,,,,,,,,
,CANDIDATE,X43,ADVERSARIAL,ac4675d50bc0355b0939f7eb32b6fd72605acfb4,UNKNOWN,,,UNVERIFIED,UNVERIFIED,,,,,,,,,UNKNOWN,NOT_TESTED,NOT_TESTED,NOT_RUN,,,,,,,,,,,
,CANDIDATE,X44,ADVERSARIAL,ac4675d50bc0355b0939f7eb32b6fd72605acfb4,UNKNOWN,,,UNVERIFIED,UNVERIFIED,,,,,,,,,UNKNOWN,NOT_TESTED,NOT_TESTED,NOT_RUN,,,,,,,,,,,
,CANDIDATE,X45,ADVERSARIAL,ac4675d50bc0355b0939f7eb32b6fd72605acfb4,UNKNOWN,,,UNVERIFIED,UNVERIFIED,,,,,,,,,UNKNOWN,NOT_TESTED,NOT_TESTED,NOT_RUN,,,,,,,,,,,
,CANDIDATE,X47,ADVERSARIAL,ac4675d50bc0355b0939f7eb32b6fd72605acfb4,UNKNOWN,,,UNVERIFIED,UNVERIFIED,,,,,,,,,UNKNOWN,NOT_TESTED,NOT_TESTED,NOT_RUN,,,,,,,,,,,
,CANDIDATE,X48,ADVERSARIAL,ac4675d50bc0355b0939f7eb32b6fd72605acfb4,UNKNOWN,,,UNVERIFIED,UNVERIFIED,,,,,,,,,UNKNOWN,NOT_TESTED,NOT_TESTED,NOT_RUN,,,,,,,,,,,
,CANDIDATE,X44-REVOCATION,ADVERSARIAL,ac4675d50bc0355b0939f7eb32b6fd72605acfb4,UNKNOWN,,,UNVERIFIED,UNVERIFIED,,,,,,,,,UNKNOWN,NOT_TESTED,NOT_TESTED,NOT_RUN,,,,,,,,,,,
,CANDIDATE,D01-SECOND-DOMAIN,CROSS_DOMAIN,ac4675d50bc0355b0939f7eb32b6fd72605acfb4,UNKNOWN,,,UNVERIFIED,UNVERIFIED,,,,,,,,,UNKNOWN,NOT_TESTED,NOT_TESTED,NOT_RUN,,,,,,,,,,,
