file_path,base_commit,base_blob_sha,candidate_commit,candidate_blob_sha,content_identical
PROJECT_BOOTSTRAP.md,cd64bef326544cacc0dc05fe6f65d9e1bd318fc0,94819eacd429e6d67f20f611223e9a4db63f7481,ac4675d50bc0355b0939f7eb32b6fd72605acfb4,6da01d7fc2394dd2718452ce83a96e987472e8c5,false
00_INDEX.md,cd64bef326544cacc0dc05fe6f65d9e1bd318fc0,1aaac5d09d341683ed2dcc6a092c469133eb29d3,ac4675d50bc0355b0939f7eb32b6fd72605acfb4,e9cc604aa6c38bf8a6518e1d4ac984cb444e5f2f,false
01_CORE_RULES.md,cd64bef326544cacc0dc05fe6f65d9e1bd318fc0,8a30d6f380ccc9a9a21a39c8051d994f547eed0b,ac4675d50bc0355b0939f7eb32b6fd72605acfb4,8a30d6f380ccc9a9a21a39c8051d994f547eed0b,true
02_RESEARCH_PIPELINE.md,cd64bef326544cacc0dc05fe6f65d9e1bd318fc0,59cccb1242c37cf7f2bd092318d6442d2e724672,ac4675d50bc0355b0939f7eb32b6fd72605acfb4,a1a43ff876f599f7476e827da1b7a185dc7f08f7,false
03_REVIEW_MODULES.md,cd64bef326544cacc0dc05fe6f65d9e1bd318fc0,d69e1f39274d7df4e9f186128a35c054e0742cd3,ac4675d50bc0355b0939f7eb32b6fd72605acfb4,d12098ac662d11963c8839e5f8f7b87c44a923d0,false
04_STATE_MANAGEMENT.md,cd64bef326544cacc0dc05fe6f65d9e1bd318fc0,118557faa93d29b9570e241342e68f7044086e23,ac4675d50bc0355b0939f7eb32b6fd72605acfb4,51ddc6e9758d5ca2aece80c5c969fd71d961e3ff,false
04A_UPDATE_TEMPLATES.md,cd64bef326544cacc0dc05fe6f65d9e1bd318fc0,80d4980ee740183d73b8010b2d625784b7d4cb85,ac4675d50bc0355b0939f7eb32b6fd72605acfb4,80d4980ee740183d73b8010b2d625784b7d4cb85,true
04B_VALIDATION_RULES.md,cd64bef326544cacc0dc05fe6f65d9e1bd318fc0,5d77c74a180ea2117695aa58012cf90d7fab9c33,ac4675d50bc0355b0939f7eb32b6fd72605acfb4,2c5ed89e23794679d2a92df1e89ef462d44ef5d2,false
05_DOMAIN_MODULES.md,cd64bef326544cacc0dc05fe6f65d9e1bd318fc0,9de7deff9069f566f2a9ceb087b019994c87d0cc,ac4675d50bc0355b0939f7eb32b6fd72605acfb4,9de7deff9069f566f2a9ceb087b019994c87d0cc,true
10_CURRENT_SUMMARY.md,cd64bef326544cacc0dc05fe6f65d9e1bd318fc0,b52845ee904cabfcc329d342ac7b7976a51a4a85,ac4675d50bc0355b0939f7eb32b6fd72605acfb4,b52845ee904cabfcc329d342ac7b7976a51a4a85,true
11_DELTA_LOG.md,cd64bef326544cacc0dc05fe6f65d9e1bd318fc0,34e4e78212ba193a023a72f4ca4592d779cede87,ac4675d50bc0355b0939f7eb32b6fd72605acfb4,34e4e78212ba193a023a72f4ca4592d779cede87,true
12_ARCHIVE_LOG.md,cd64bef326544cacc0dc05fe6f65d9e1bd318fc0,fcfa0279a6da194ed7265314f31083b9b779dbbd,ac4675d50bc0355b0939f7eb32b6fd72605acfb4,fcfa0279a6da194ed7265314f31083b9b779dbbd,true
13_FINAL_REPORT.md,cd64bef326544cacc0dc05fe6f65d9e1bd318fc0,bb01aafec9b3a4580fc330773a53b61b1c9d8787,ac4675d50bc0355b0939f7eb32b6fd72605acfb4,84d21a6a5ff0c2e6563f895dccd18930ef3ccabf,false
final_pdf_html_formatting_instruction_final.md,cd64bef326544cacc0dc05fe6f65d9e1bd318fc0,8c3e55b42bc8b7997f4671d8ada35ba8f315c699,ac4675d50bc0355b0939f7eb32b6fd72605acfb4,8c3e55b42bc8b7997f4671d8ada35ba8f315c699,true
