year,state,public_station_locations,public_ev_charging_ports,level1_ports,level2_ports,dc_fast_ports,source_url
2018,"Alaska",7,11,0,11,0,"https://afdc.energy.gov/stations/states?count=public&date=2018-12-31&include_temporarily_unavailable=false"
2018,"Alabama",97,222,1,160,61,"https://afdc.energy.gov/stations/states?count=public&date=2018-12-31&include_temporarily_unavailable=false"
2018,"Arkansas",51,104,3,81,20,"https://afdc.energy.gov/stations/states?count=public&date=2018-12-31&include_temporarily_unavailable=false"
2018,"Arizona",433,1149,3,918,228,"https://afdc.energy.gov/stations/states?count=public&date=2018-12-31&include_temporarily_unavailable=false"
2018,"California",4864,18484,435,15363,2636,"https://afdc.energy.gov/stations/states?count=public&date=2018-12-31&include_temporarily_unavailable=false"
2018,"Colorado",651,1645,69,1367,209,"https://afdc.energy.gov/stations/states?count=public&date=2018-12-31&include_temporarily_unavailable=false"
2018,"Connecticut",331,757,32,595,129,"https://afdc.energy.gov/stations/states?count=public&date=2018-12-31&include_temporarily_unavailable=false"
2018,"District of Columbia",106,275,26,245,4,"https://afdc.energy.gov/stations/states?count=public&date=2018-12-31&include_temporarily_unavailable=false"
2018,"Delaware",46,128,2,75,51,"https://afdc.energy.gov/stations/states?count=public&date=2018-12-31&include_temporarily_unavailable=false"
2018,"Florida",1091,2634,149,2046,439,"https://afdc.energy.gov/stations/states?count=public&date=2018-12-31&include_temporarily_unavailable=false"
2018,"Georgia",704,2076,150,1661,265,"https://afdc.energy.gov/stations/states?count=public&date=2018-12-31&include_temporarily_unavailable=false"
2018,"Hawaii",257,501,7,412,81,"https://afdc.energy.gov/stations/states?count=public&date=2018-12-31&include_temporarily_unavailable=false"
2018,"Iowa",117,283,27,202,54,"https://afdc.energy.gov/stations/states?count=public&date=2018-12-31&include_temporarily_unavailable=false"
2018,"Idaho",66,145,0,103,42,"https://afdc.energy.gov/stations/states?count=public&date=2018-12-31&include_temporarily_unavailable=false"
2018,"Illinois",476,1185,33,919,233,"https://afdc.energy.gov/stations/states?count=public&date=2018-12-31&include_temporarily_unavailable=false"
2018,"Indiana",188,426,0,318,108,"https://afdc.energy.gov/stations/states?count=public&date=2018-12-31&include_temporarily_unavailable=false"
2018,"Kansas",175,743,6,671,66,"https://afdc.energy.gov/stations/states?count=public&date=2018-12-31&include_temporarily_unavailable=false"
2018,"Kentucky",97,203,8,146,49,"https://afdc.energy.gov/stations/states?count=public&date=2018-12-31&include_temporarily_unavailable=false"
2018,"Louisiana",81,190,5,129,56,"https://afdc.energy.gov/stations/states?count=public&date=2018-12-31&include_temporarily_unavailable=false"
2018,"Massachusetts",576,1668,32,1433,203,"https://afdc.energy.gov/stations/states?count=public&date=2018-12-31&include_temporarily_unavailable=false"
2018,"Maryland",585,1563,56,1254,253,"https://afdc.energy.gov/stations/states?count=public&date=2018-12-31&include_temporarily_unavailable=false"
2018,"Maine",141,250,7,187,56,"https://afdc.energy.gov/stations/states?count=public&date=2018-12-31&include_temporarily_unavailable=false"
2018,"Michigan",406,1137,102,848,177,"https://afdc.energy.gov/stations/states?count=public&date=2018-12-31&include_temporarily_unavailable=false"
2018,"Minnesota",293,692,94,481,117,"https://afdc.energy.gov/stations/states?count=public&date=2018-12-31&include_temporarily_unavailable=false"
2018,"Missouri",389,1642,7,1492,143,"https://afdc.energy.gov/stations/states?count=public&date=2018-12-31&include_temporarily_unavailable=false"
2018,"Mississippi",43,104,1,64,39,"https://afdc.energy.gov/stations/states?count=public&date=2018-12-31&include_temporarily_unavailable=false"
2018,"Montana",39,94,0,46,48,"https://afdc.energy.gov/stations/states?count=public&date=2018-12-31&include_temporarily_unavailable=false"
2018,"North Carolina",549,1203,26,962,215,"https://afdc.energy.gov/stations/states?count=public&date=2018-12-31&include_temporarily_unavailable=false"
2018,"North Dakota",18,25,0,25,0,"https://afdc.energy.gov/stations/states?count=public&date=2018-12-31&include_temporarily_unavailable=false"
2018,"Nebraska",72,189,8,123,58,"https://afdc.energy.gov/stations/states?count=public&date=2018-12-31&include_temporarily_unavailable=false"
2018,"New Hampshire",108,205,5,153,47,"https://afdc.energy.gov/stations/states?count=public&date=2018-12-31&include_temporarily_unavailable=false"
2018,"New Jersey",267,693,18,496,179,"https://afdc.energy.gov/stations/states?count=public&date=2018-12-31&include_temporarily_unavailable=false"
2018,"New Mexico",66,177,25,83,69,"https://afdc.energy.gov/stations/states?count=public&date=2018-12-31&include_temporarily_unavailable=false"
2018,"Nevada",220,633,13,466,154,"https://afdc.energy.gov/stations/states?count=public&date=2018-12-31&include_temporarily_unavailable=false"
2018,"New York",1063,2405,40,2046,319,"https://afdc.energy.gov/stations/states?count=public&date=2018-12-31&include_temporarily_unavailable=false"
2018,"Ohio",375,831,10,619,202,"https://afdc.energy.gov/stations/states?count=public&date=2018-12-31&include_temporarily_unavailable=false"
2018,"Oklahoma",51,151,9,100,42,"https://afdc.energy.gov/stations/states?count=public&date=2018-12-31&include_temporarily_unavailable=false"
2018,"Oregon",603,1440,71,1096,273,"https://afdc.energy.gov/stations/states?count=public&date=2018-12-31&include_temporarily_unavailable=false"
2018,"Pennsylvania",395,910,8,704,198,"https://afdc.energy.gov/stations/states?count=public&date=2018-12-31&include_temporarily_unavailable=false"
2018,"Rhode Island",84,240,21,199,20,"https://afdc.energy.gov/stations/states?count=public&date=2018-12-31&include_temporarily_unavailable=false"
2018,"South Carolina",224,472,4,381,87,"https://afdc.energy.gov/stations/states?count=public&date=2018-12-31&include_temporarily_unavailable=false"
2018,"South Dakota",29,73,0,29,44,"https://afdc.energy.gov/stations/states?count=public&date=2018-12-31&include_temporarily_unavailable=false"
2018,"Tennessee",402,1045,29,855,161,"https://afdc.energy.gov/stations/states?count=public&date=2018-12-31&include_temporarily_unavailable=false"
2018,"Texas",1065,2895,96,2374,425,"https://afdc.energy.gov/stations/states?count=public&date=2018-12-31&include_temporarily_unavailable=false"
2018,"Utah",180,514,2,395,117,"https://afdc.energy.gov/stations/states?count=public&date=2018-12-31&include_temporarily_unavailable=false"
2018,"Virginia",523,1219,80,895,244,"https://afdc.energy.gov/stations/states?count=public&date=2018-12-31&include_temporarily_unavailable=false"
2018,"Vermont",202,517,62,398,57,"https://afdc.energy.gov/stations/states?count=public&date=2018-12-31&include_temporarily_unavailable=false"
2018,"Washington",864,2344,164,1866,314,"https://afdc.energy.gov/stations/states?count=public&date=2018-12-31&include_temporarily_unavailable=false"
2018,"Wisconsin",271,503,88,307,108,"https://afdc.energy.gov/stations/states?count=public&date=2018-12-31&include_temporarily_unavailable=false"
2018,"West Virginia",80,200,5,142,53,"https://afdc.energy.gov/stations/states?count=public&date=2018-12-31&include_temporarily_unavailable=false"
2018,"Wyoming",44,120,4,52,64,"https://afdc.energy.gov/stations/states?count=public&date=2018-12-31&include_temporarily_unavailable=false"
2018,"Total",20065,57315,2043,45993,9217,"https://afdc.energy.gov/stations/states?count=public&date=2018-12-31&include_temporarily_unavailable=false"
2019,"Alaska",19,34,0,30,4,"https://afdc.energy.gov/stations/states?count=public&date=2019-12-31&include_temporarily_unavailable=false"
2019,"Alabama",127,327,1,262,64,"https://afdc.energy.gov/stations/states?count=public&date=2019-12-31&include_temporarily_unavailable=false"
2019,"Arkansas",84,268,0,232,36,"https://afdc.energy.gov/stations/states?count=public&date=2019-12-31&include_temporarily_unavailable=false"
2019,"Arizona",464,1344,3,1037,304,"https://afdc.energy.gov/stations/states?count=public&date=2019-12-31&include_temporarily_unavailable=false"
2019,"California",5801,23921,363,19889,3626,"https://afdc.energy.gov/stations/states?count=public&date=2019-12-31&include_temporarily_unavailable=false"
2019,"Colorado",792,2264,63,1954,247,"https://afdc.energy.gov/stations/states?count=public&date=2019-12-31&include_temporarily_unavailable=false"
2019,"Connecticut",360,921,30,733,157,"https://afdc.energy.gov/stations/states?count=public&date=2019-12-31&include_temporarily_unavailable=false"
2019,"District of Columbia",144,435,17,417,1,"https://afdc.energy.gov/stations/states?count=public&date=2019-12-31&include_temporarily_unavailable=false"
2019,"Delaware",51,163,2,108,53,"https://afdc.energy.gov/stations/states?count=public&date=2019-12-31&include_temporarily_unavailable=false"
2019,"Florida",1355,3885,50,3200,635,"https://afdc.energy.gov/stations/states?count=public&date=2019-12-31&include_temporarily_unavailable=false"
2019,"Georgia",811,2742,130,2270,342,"https://afdc.energy.gov/stations/states?count=public&date=2019-12-31&include_temporarily_unavailable=false"
2019,"Hawaii",274,620,7,536,77,"https://afdc.energy.gov/stations/states?count=public&date=2019-12-31&include_temporarily_unavailable=false"
2019,"Iowa",133,339,27,225,87,"https://afdc.energy.gov/stations/states?count=public&date=2019-12-31&include_temporarily_unavailable=false"
2019,"Idaho",73,178,0,111,67,"https://afdc.energy.gov/stations/states?count=public&date=2019-12-31&include_temporarily_unavailable=false"
2019,"Illinois",558,1574,21,1270,283,"https://afdc.energy.gov/stations/states?count=public&date=2019-12-31&include_temporarily_unavailable=false"
2019,"Indiana",199,548,0,411,137,"https://afdc.energy.gov/stations/states?count=public&date=2019-12-31&include_temporarily_unavailable=false"
2019,"Kansas",206,856,4,747,105,"https://afdc.energy.gov/stations/states?count=public&date=2019-12-31&include_temporarily_unavailable=false"
2019,"Kentucky",125,307,8,239,60,"https://afdc.energy.gov/stations/states?count=public&date=2019-12-31&include_temporarily_unavailable=false"
2019,"Louisiana",93,265,4,201,60,"https://afdc.energy.gov/stations/states?count=public&date=2019-12-31&include_temporarily_unavailable=false"
2019,"Massachusetts",725,2234,32,1917,285,"https://afdc.energy.gov/stations/states?count=public&date=2019-12-31&include_temporarily_unavailable=false"
2019,"Maryland",636,1830,38,1462,330,"https://afdc.energy.gov/stations/states?count=public&date=2019-12-31&include_temporarily_unavailable=false"
2019,"Maine",173,404,7,287,110,"https://afdc.energy.gov/stations/states?count=public&date=2019-12-31&include_temporarily_unavailable=false"
2019,"Michigan",418,1188,67,883,228,"https://afdc.energy.gov/stations/states?count=public&date=2019-12-31&include_temporarily_unavailable=false"
2019,"Minnesota",352,937,77,709,151,"https://afdc.energy.gov/stations/states?count=public&date=2019-12-31&include_temporarily_unavailable=false"
2019,"Missouri",416,1826,6,1648,172,"https://afdc.energy.gov/stations/states?count=public&date=2019-12-31&include_temporarily_unavailable=false"
2019,"Mississippi",67,222,0,166,56,"https://afdc.energy.gov/stations/states?count=public&date=2019-12-31&include_temporarily_unavailable=false"
2019,"Montana",50,134,2,75,57,"https://afdc.energy.gov/stations/states?count=public&date=2019-12-31&include_temporarily_unavailable=false"
2019,"North Carolina",623,1605,20,1303,282,"https://afdc.energy.gov/stations/states?count=public&date=2019-12-31&include_temporarily_unavailable=false"
2019,"North Dakota",25,42,0,42,0,"https://afdc.energy.gov/stations/states?count=public&date=2019-12-31&include_temporarily_unavailable=false"
2019,"Nebraska",88,231,7,162,62,"https://afdc.energy.gov/stations/states?count=public&date=2019-12-31&include_temporarily_unavailable=false"
2019,"New Hampshire",106,227,5,180,42,"https://afdc.energy.gov/stations/states?count=public&date=2019-12-31&include_temporarily_unavailable=false"
2019,"New Jersey",363,1038,17,717,304,"https://afdc.energy.gov/stations/states?count=public&date=2019-12-31&include_temporarily_unavailable=false"
2019,"New Mexico",77,237,24,115,98,"https://afdc.energy.gov/stations/states?count=public&date=2019-12-31&include_temporarily_unavailable=false"
2019,"Nevada",271,883,7,648,228,"https://afdc.energy.gov/stations/states?count=public&date=2019-12-31&include_temporarily_unavailable=false"
2019,"New York",1556,4277,13,3759,505,"https://afdc.energy.gov/stations/states?count=public&date=2019-12-31&include_temporarily_unavailable=false"
2019,"Ohio",474,1214,5,929,280,"https://afdc.energy.gov/stations/states?count=public&date=2019-12-31&include_temporarily_unavailable=false"
2019,"Oklahoma",114,287,9,200,78,"https://afdc.energy.gov/stations/states?count=public&date=2019-12-31&include_temporarily_unavailable=false"
2019,"Oregon",629,1639,55,1278,306,"https://afdc.energy.gov/stations/states?count=public&date=2019-12-31&include_temporarily_unavailable=false"
2019,"Pennsylvania",508,1355,8,1100,247,"https://afdc.energy.gov/stations/states?count=public&date=2019-12-31&include_temporarily_unavailable=false"
2019,"Rhode Island",105,337,21,293,23,"https://afdc.energy.gov/stations/states?count=public&date=2019-12-31&include_temporarily_unavailable=false"
2019,"South Carolina",240,559,3,463,93,"https://afdc.energy.gov/stations/states?count=public&date=2019-12-31&include_temporarily_unavailable=false"
2019,"South Dakota",38,124,0,72,52,"https://afdc.energy.gov/stations/states?count=public&date=2019-12-31&include_temporarily_unavailable=false"
2019,"Tennessee",388,1052,10,871,171,"https://afdc.energy.gov/stations/states?count=public&date=2019-12-31&include_temporarily_unavailable=false"
2019,"Texas",1262,3692,65,3000,627,"https://afdc.energy.gov/stations/states?count=public&date=2019-12-31&include_temporarily_unavailable=false"
2019,"Utah",272,910,2,745,163,"https://afdc.energy.gov/stations/states?count=public&date=2019-12-31&include_temporarily_unavailable=false"
2019,"Virginia",599,1717,54,1330,333,"https://afdc.energy.gov/stations/states?count=public&date=2019-12-31&include_temporarily_unavailable=false"
2019,"Vermont",228,644,75,522,47,"https://afdc.energy.gov/stations/states?count=public&date=2019-12-31&include_temporarily_unavailable=false"
2019,"Washington",976,2851,103,2265,483,"https://afdc.energy.gov/stations/states?count=public&date=2019-12-31&include_temporarily_unavailable=false"
2019,"Wisconsin",314,661,78,442,141,"https://afdc.energy.gov/stations/states?count=public&date=2019-12-31&include_temporarily_unavailable=false"
2019,"West Virginia",80,226,1,165,60,"https://afdc.energy.gov/stations/states?count=public&date=2019-12-31&include_temporarily_unavailable=false"
2019,"Wyoming",54,156,4,87,65,"https://afdc.energy.gov/stations/states?count=public&date=2019-12-31&include_temporarily_unavailable=false"
2019,"Total",23896,75730,1545,61707,12424,"https://afdc.energy.gov/stations/states?count=public&date=2019-12-31&include_temporarily_unavailable=false"
2020,"Alaska",37,68,0,63,5,"https://afdc.energy.gov/stations/states?count=public&date=2020-12-31&include_temporarily_unavailable=false"
2020,"Alabama",156,419,1,328,90,"https://afdc.energy.gov/stations/states?count=public&date=2020-12-31&include_temporarily_unavailable=false"
2020,"Arkansas",98,328,0,276,52,"https://afdc.energy.gov/stations/states?count=public&date=2020-12-31&include_temporarily_unavailable=false"
2020,"Arizona",536,1693,3,1323,367,"https://afdc.energy.gov/stations/states?count=public&date=2020-12-31&include_temporarily_unavailable=false"
2020,"California",7040,30654,332,24859,5428,"https://afdc.energy.gov/stations/states?count=public&date=2020-12-31&include_temporarily_unavailable=false"
2020,"Colorado",966,2894,67,2394,433,"https://afdc.energy.gov/stations/states?count=public&date=2020-12-31&include_temporarily_unavailable=false"
2020,"Connecticut",399,1112,21,847,242,"https://afdc.energy.gov/stations/states?count=public&date=2020-12-31&include_temporarily_unavailable=false"
2020,"District of Columbia",167,602,24,545,33,"https://afdc.energy.gov/stations/states?count=public&date=2020-12-31&include_temporarily_unavailable=false"
2020,"Delaware",61,192,2,117,73,"https://afdc.energy.gov/stations/states?count=public&date=2020-12-31&include_temporarily_unavailable=false"
2020,"Florida",1625,4857,39,3942,876,"https://afdc.energy.gov/stations/states?count=public&date=2020-12-31&include_temporarily_unavailable=false"
2020,"Georgia",943,3466,172,2808,486,"https://afdc.energy.gov/stations/states?count=public&date=2020-12-31&include_temporarily_unavailable=false"
2020,"Hawaii",299,708,7,605,96,"https://afdc.energy.gov/stations/states?count=public&date=2020-12-31&include_temporarily_unavailable=false"
2020,"Iowa",178,470,27,291,152,"https://afdc.energy.gov/stations/states?count=public&date=2020-12-31&include_temporarily_unavailable=false"
2020,"Idaho",90,239,0,156,83,"https://afdc.energy.gov/stations/states?count=public&date=2020-12-31&include_temporarily_unavailable=false"
2020,"Illinois",702,2068,15,1650,403,"https://afdc.energy.gov/stations/states?count=public&date=2020-12-31&include_temporarily_unavailable=false"
2020,"Indiana",239,708,0,537,171,"https://afdc.energy.gov/stations/states?count=public&date=2020-12-31&include_temporarily_unavailable=false"
2020,"Kansas",217,901,3,777,121,"https://afdc.energy.gov/stations/states?count=public&date=2020-12-31&include_temporarily_unavailable=false"
2020,"Kentucky",159,374,8,298,68,"https://afdc.energy.gov/stations/states?count=public&date=2020-12-31&include_temporarily_unavailable=false"
2020,"Louisiana",126,329,4,257,68,"https://afdc.energy.gov/stations/states?count=public&date=2020-12-31&include_temporarily_unavailable=false"
2020,"Massachusetts",949,3160,23,2801,336,"https://afdc.energy.gov/stations/states?count=public&date=2020-12-31&include_temporarily_unavailable=false"
2020,"Maryland",785,2485,21,2001,463,"https://afdc.energy.gov/stations/states?count=public&date=2020-12-31&include_temporarily_unavailable=false"
2020,"Maine",207,487,7,354,126,"https://afdc.energy.gov/stations/states?count=public&date=2020-12-31&include_temporarily_unavailable=false"
2020,"Michigan",482,1369,47,978,334,"https://afdc.energy.gov/stations/states?count=public&date=2020-12-31&include_temporarily_unavailable=false"
2020,"Minnesota",418,1116,74,841,201,"https://afdc.energy.gov/stations/states?count=public&date=2020-12-31&include_temporarily_unavailable=false"
2020,"Missouri",469,1989,4,1768,217,"https://afdc.energy.gov/stations/states?count=public&date=2020-12-31&include_temporarily_unavailable=false"
2020,"Mississippi",91,275,0,217,58,"https://afdc.energy.gov/stations/states?count=public&date=2020-12-31&include_temporarily_unavailable=false"
2020,"Montana",60,185,2,83,100,"https://afdc.energy.gov/stations/states?count=public&date=2020-12-31&include_temporarily_unavailable=false"
2020,"North Carolina",710,1909,16,1580,313,"https://afdc.energy.gov/stations/states?count=public&date=2020-12-31&include_temporarily_unavailable=false"
2020,"North Dakota",39,97,0,54,43,"https://afdc.energy.gov/stations/states?count=public&date=2020-12-31&include_temporarily_unavailable=false"
2020,"Nebraska",111,280,7,205,68,"https://afdc.energy.gov/stations/states?count=public&date=2020-12-31&include_temporarily_unavailable=false"
2020,"New Hampshire",116,273,5,197,71,"https://afdc.energy.gov/stations/states?count=public&date=2020-12-31&include_temporarily_unavailable=false"
2020,"New Jersey",458,1385,17,939,429,"https://afdc.energy.gov/stations/states?count=public&date=2020-12-31&include_temporarily_unavailable=false"
2020,"New Mexico",115,368,24,218,126,"https://afdc.energy.gov/stations/states?count=public&date=2020-12-31&include_temporarily_unavailable=false"
2020,"Nevada",285,1116,4,822,290,"https://afdc.energy.gov/stations/states?count=public&date=2020-12-31&include_temporarily_unavailable=false"
2020,"New York",1879,5548,6,4904,638,"https://afdc.energy.gov/stations/states?count=public&date=2020-12-31&include_temporarily_unavailable=false"
2020,"Ohio",591,1616,5,1231,380,"https://afdc.energy.gov/stations/states?count=public&date=2020-12-31&include_temporarily_unavailable=false"
2020,"Oklahoma",240,653,6,302,345,"https://afdc.energy.gov/stations/states?count=public&date=2020-12-31&include_temporarily_unavailable=false"
2020,"Oregon",678,1879,43,1411,425,"https://afdc.energy.gov/stations/states?count=public&date=2020-12-31&include_temporarily_unavailable=false"
2020,"Pennsylvania",692,1938,14,1599,325,"https://afdc.energy.gov/stations/states?count=public&date=2020-12-31&include_temporarily_unavailable=false"
2020,"Rhode Island",137,472,21,413,38,"https://afdc.energy.gov/stations/states?count=public&date=2020-12-31&include_temporarily_unavailable=false"
2020,"South Carolina",268,676,3,552,121,"https://afdc.energy.gov/stations/states?count=public&date=2020-12-31&include_temporarily_unavailable=false"
2020,"South Dakota",42,130,0,76,54,"https://afdc.energy.gov/stations/states?count=public&date=2020-12-31&include_temporarily_unavailable=false"
2020,"Tennessee",437,1219,10,1026,183,"https://afdc.energy.gov/stations/states?count=public&date=2020-12-31&include_temporarily_unavailable=false"
2020,"Texas",1471,4519,40,3742,737,"https://afdc.energy.gov/stations/states?count=public&date=2020-12-31&include_temporarily_unavailable=false"
2020,"Utah",427,1566,2,1357,207,"https://afdc.energy.gov/stations/states?count=public&date=2020-12-31&include_temporarily_unavailable=false"
2020,"Virginia",717,2208,58,1629,521,"https://afdc.energy.gov/stations/states?count=public&date=2020-12-31&include_temporarily_unavailable=false"
2020,"Vermont",255,773,71,632,70,"https://afdc.energy.gov/stations/states?count=public&date=2020-12-31&include_temporarily_unavailable=false"
2020,"Washington",1129,3473,90,2742,641,"https://afdc.energy.gov/stations/states?count=public&date=2020-12-31&include_temporarily_unavailable=false"
2020,"Wisconsin",356,776,76,553,147,"https://afdc.energy.gov/stations/states?count=public&date=2020-12-31&include_temporarily_unavailable=false"
2020,"West Virginia",84,240,1,179,60,"https://afdc.energy.gov/stations/states?count=public&date=2020-12-31&include_temporarily_unavailable=false"
2020,"Wyoming",58,169,2,90,77,"https://afdc.energy.gov/stations/states?count=public&date=2020-12-31&include_temporarily_unavailable=false"
2020,"Total",28794,96431,1424,77569,17391,"https://afdc.energy.gov/stations/states?count=public&date=2020-12-31&include_temporarily_unavailable=false"
2021,"Alaska",49,89,0,73,16,"https://afdc.energy.gov/stations/states?count=public&date=2021-12-31&include_temporarily_unavailable=false"
2021,"Alabama",198,505,0,391,114,"https://afdc.energy.gov/stations/states?count=public&date=2021-12-31&include_temporarily_unavailable=false"
2021,"Arkansas",148,439,0,373,66,"https://afdc.energy.gov/stations/states?count=public&date=2021-12-31&include_temporarily_unavailable=false"
2021,"Arizona",845,2160,1,1741,418,"https://afdc.energy.gov/stations/states?count=public&date=2021-12-31&include_temporarily_unavailable=false"
2021,"California",13799,35570,247,28616,6671,"https://afdc.energy.gov/stations/states?count=public&date=2021-12-31&include_temporarily_unavailable=false"
2021,"Colorado",1505,3537,56,2899,582,"https://afdc.energy.gov/stations/states?count=public&date=2021-12-31&include_temporarily_unavailable=false"
2021,"Connecticut",465,1251,21,920,308,"https://afdc.energy.gov/stations/states?count=public&date=2021-12-31&include_temporarily_unavailable=false"
2021,"District of Columbia",245,686,19,628,39,"https://afdc.energy.gov/stations/states?count=public&date=2021-12-31&include_temporarily_unavailable=false"
2021,"Delaware",124,296,2,203,91,"https://afdc.energy.gov/stations/states?count=public&date=2021-12-31&include_temporarily_unavailable=false"
2021,"Florida",2410,5895,34,4726,1135,"https://afdc.energy.gov/stations/states?count=public&date=2021-12-31&include_temporarily_unavailable=false"
2021,"Georgia",1516,3781,200,2997,584,"https://afdc.energy.gov/stations/states?count=public&date=2021-12-31&include_temporarily_unavailable=false"
2021,"Hawaii",363,765,5,675,85,"https://afdc.energy.gov/stations/states?count=public&date=2021-12-31&include_temporarily_unavailable=false"
2021,"Iowa",262,558,23,377,158,"https://afdc.energy.gov/stations/states?count=public&date=2021-12-31&include_temporarily_unavailable=false"
2021,"Idaho",104,262,0,182,80,"https://afdc.energy.gov/stations/states?count=public&date=2021-12-31&include_temporarily_unavailable=false"
2021,"Illinois",958,2399,12,1880,507,"https://afdc.energy.gov/stations/states?count=public&date=2021-12-31&include_temporarily_unavailable=false"
2021,"Indiana",314,888,0,610,278,"https://afdc.energy.gov/stations/states?count=public&date=2021-12-31&include_temporarily_unavailable=false"
2021,"Kansas",460,944,0,834,110,"https://afdc.energy.gov/stations/states?count=public&date=2021-12-31&include_temporarily_unavailable=false"
2021,"Kentucky",209,503,8,390,105,"https://afdc.energy.gov/stations/states?count=public&date=2021-12-31&include_temporarily_unavailable=false"
2021,"Louisiana",140,339,3,255,81,"https://afdc.energy.gov/stations/states?count=public&date=2021-12-31&include_temporarily_unavailable=false"
2021,"Massachusetts",2080,4566,10,4129,427,"https://afdc.energy.gov/stations/states?count=public&date=2021-12-31&include_temporarily_unavailable=false"
2021,"Maryland",1131,3018,21,2421,576,"https://afdc.energy.gov/stations/states?count=public&date=2021-12-31&include_temporarily_unavailable=false"
2021,"Maine",285,591,6,450,135,"https://afdc.energy.gov/stations/states?count=public&date=2021-12-31&include_temporarily_unavailable=false"
2021,"Michigan",760,1681,14,1265,392,"https://afdc.energy.gov/stations/states?count=public&date=2021-12-31&include_temporarily_unavailable=false"
2021,"Minnesota",553,1275,69,972,234,"https://afdc.energy.gov/stations/states?count=public&date=2021-12-31&include_temporarily_unavailable=false"
2021,"Missouri",997,2107,2,1869,236,"https://afdc.energy.gov/stations/states?count=public&date=2021-12-31&include_temporarily_unavailable=false"
2021,"Mississippi",93,283,0,211,72,"https://afdc.energy.gov/stations/states?count=public&date=2021-12-31&include_temporarily_unavailable=false"
2021,"Montana",70,207,2,103,102,"https://afdc.energy.gov/stations/states?count=public&date=2021-12-31&include_temporarily_unavailable=false"
2021,"North Carolina",1004,2431,15,1921,495,"https://afdc.energy.gov/stations/states?count=public&date=2021-12-31&include_temporarily_unavailable=false"
2021,"North Dakota",58,135,0,77,58,"https://afdc.energy.gov/stations/states?count=public&date=2021-12-31&include_temporarily_unavailable=false"
2021,"Nebraska",178,370,7,283,80,"https://afdc.energy.gov/stations/states?count=public&date=2021-12-31&include_temporarily_unavailable=false"
2021,"New Hampshire",145,332,4,223,105,"https://afdc.energy.gov/stations/states?count=public&date=2021-12-31&include_temporarily_unavailable=false"
2021,"New Jersey",652,1696,12,1134,550,"https://afdc.energy.gov/stations/states?count=public&date=2021-12-31&include_temporarily_unavailable=false"
2021,"New Mexico",173,410,2,285,123,"https://afdc.energy.gov/stations/states?count=public&date=2021-12-31&include_temporarily_unavailable=false"
2021,"Nevada",430,1273,4,929,340,"https://afdc.energy.gov/stations/states?count=public&date=2021-12-31&include_temporarily_unavailable=false"
2021,"New York",2800,6889,15,6036,838,"https://afdc.energy.gov/stations/states?count=public&date=2021-12-31&include_temporarily_unavailable=false"
2021,"Ohio",894,1989,7,1619,363,"https://afdc.energy.gov/stations/states?count=public&date=2021-12-31&include_temporarily_unavailable=false"
2021,"Oklahoma",282,1004,6,340,658,"https://afdc.energy.gov/stations/states?count=public&date=2021-12-31&include_temporarily_unavailable=false"
2021,"Oregon",905,2149,38,1679,432,"https://afdc.energy.gov/stations/states?count=public&date=2021-12-31&include_temporarily_unavailable=false"
2021,"Pennsylvania",1064,2533,14,2032,487,"https://afdc.energy.gov/stations/states?count=public&date=2021-12-31&include_temporarily_unavailable=false"
2021,"Rhode Island",236,533,20,476,37,"https://afdc.energy.gov/stations/states?count=public&date=2021-12-31&include_temporarily_unavailable=false"
2021,"South Carolina",338,793,3,613,177,"https://afdc.energy.gov/stations/states?count=public&date=2021-12-31&include_temporarily_unavailable=false"
2021,"South Dakota",53,155,0,88,67,"https://afdc.energy.gov/stations/states?count=public&date=2021-12-31&include_temporarily_unavailable=false"
2021,"Tennessee",598,1391,3,1156,232,"https://afdc.energy.gov/stations/states?count=public&date=2021-12-31&include_temporarily_unavailable=false"
2021,"Texas",2198,5192,29,4246,917,"https://afdc.energy.gov/stations/states?count=public&date=2021-12-31&include_temporarily_unavailable=false"
2021,"Utah",887,1924,3,1682,239,"https://afdc.energy.gov/stations/states?count=public&date=2021-12-31&include_temporarily_unavailable=false"
2021,"Virginia",999,2733,54,1948,731,"https://afdc.energy.gov/stations/states?count=public&date=2021-12-31&include_temporarily_unavailable=false"
2021,"Vermont",320,859,71,713,75,"https://afdc.energy.gov/stations/states?count=public&date=2021-12-31&include_temporarily_unavailable=false"
2021,"Washington",1599,3860,82,3068,710,"https://afdc.energy.gov/stations/states?count=public&date=2021-12-31&include_temporarily_unavailable=false"
2021,"Wisconsin",449,909,78,637,194,"https://afdc.energy.gov/stations/states?count=public&date=2021-12-31&include_temporarily_unavailable=false"
2021,"West Virginia",91,275,1,196,78,"https://afdc.energy.gov/stations/states?count=public&date=2021-12-31&include_temporarily_unavailable=false"
2021,"Wyoming",60,171,4,92,75,"https://afdc.energy.gov/stations/states?count=public&date=2021-12-31&include_temporarily_unavailable=false"
2021,"Total",46496,114601,1227,91663,21663,"https://afdc.energy.gov/stations/states?count=public&date=2021-12-31&include_temporarily_unavailable=false"
2022,"Alaska",58,108,0,79,29,"https://afdc.energy.gov/stations/states?count=public&date=2022-12-31&include_temporarily_unavailable=false"
2022,"Alabama",248,674,0,440,234,"https://afdc.energy.gov/stations/states?count=public&date=2022-12-31&include_temporarily_unavailable=false"
2022,"Arkansas",197,558,0,480,78,"https://afdc.energy.gov/stations/states?count=public&date=2022-12-31&include_temporarily_unavailable=false"
2022,"Arizona",931,2523,0,1920,603,"https://afdc.energy.gov/stations/states?count=public&date=2022-12-31&include_temporarily_unavailable=false"
2022,"California",13779,37678,189,28995,8467,"https://afdc.energy.gov/stations/states?count=public&date=2022-12-31&include_temporarily_unavailable=false"
2022,"Colorado",1663,3934,56,3146,732,"https://afdc.energy.gov/stations/states?count=public&date=2022-12-31&include_temporarily_unavailable=false"
2022,"Connecticut",518,1433,12,1074,345,"https://afdc.energy.gov/stations/states?count=public&date=2022-12-31&include_temporarily_unavailable=false"
2022,"District of Columbia",254,831,19,776,36,"https://afdc.energy.gov/stations/states?count=public&date=2022-12-31&include_temporarily_unavailable=false"
2022,"Delaware",146,349,2,242,105,"https://afdc.energy.gov/stations/states?count=public&date=2022-12-31&include_temporarily_unavailable=false"
2022,"Florida",2687,6922,27,5281,1614,"https://afdc.energy.gov/stations/states?count=public&date=2022-12-31&include_temporarily_unavailable=false"
2022,"Georgia",1479,3957,200,2964,793,"https://afdc.energy.gov/stations/states?count=public&date=2022-12-31&include_temporarily_unavailable=false"
2022,"Hawaii",382,866,5,784,77,"https://afdc.energy.gov/stations/states?count=public&date=2022-12-31&include_temporarily_unavailable=false"
2022,"Iowa",285,632,0,397,235,"https://afdc.energy.gov/stations/states?count=public&date=2022-12-31&include_temporarily_unavailable=false"
2022,"Idaho",116,288,0,205,83,"https://afdc.energy.gov/stations/states?count=public&date=2022-12-31&include_temporarily_unavailable=false"
2022,"Illinois",1224,2991,2,2303,686,"https://afdc.energy.gov/stations/states?count=public&date=2022-12-31&include_temporarily_unavailable=false"
2022,"Indiana",359,1009,0,672,337,"https://afdc.energy.gov/stations/states?count=public&date=2022-12-31&include_temporarily_unavailable=false"
2022,"Kansas",454,970,0,817,153,"https://afdc.energy.gov/stations/states?count=public&date=2022-12-31&include_temporarily_unavailable=false"
2022,"Kentucky",235,575,8,456,111,"https://afdc.energy.gov/stations/states?count=public&date=2022-12-31&include_temporarily_unavailable=false"
2022,"Louisiana",177,435,1,307,127,"https://afdc.energy.gov/stations/states?count=public&date=2022-12-31&include_temporarily_unavailable=false"
2022,"Massachusetts",2294,5385,3,4797,585,"https://afdc.energy.gov/stations/states?count=public&date=2022-12-31&include_temporarily_unavailable=false"
2022,"Maryland",1260,3553,19,2848,686,"https://afdc.energy.gov/stations/states?count=public&date=2022-12-31&include_temporarily_unavailable=false"
2022,"Maine",395,820,7,634,179,"https://afdc.energy.gov/stations/states?count=public&date=2022-12-31&include_temporarily_unavailable=false"
2022,"Michigan",1067,2473,4,1935,524,"https://afdc.energy.gov/stations/states?count=public&date=2022-12-31&include_temporarily_unavailable=false"
2022,"Minnesota",566,1417,22,1118,277,"https://afdc.energy.gov/stations/states?count=public&date=2022-12-31&include_temporarily_unavailable=false"
2022,"Missouri",980,2138,0,1846,292,"https://afdc.energy.gov/stations/states?count=public&date=2022-12-31&include_temporarily_unavailable=false"
2022,"Mississippi",95,290,0,209,81,"https://afdc.energy.gov/stations/states?count=public&date=2022-12-31&include_temporarily_unavailable=false"
2022,"Montana",93,248,2,138,108,"https://afdc.energy.gov/stations/states?count=public&date=2022-12-31&include_temporarily_unavailable=false"
2022,"North Carolina",1048,2672,8,1973,691,"https://afdc.energy.gov/stations/states?count=public&date=2022-12-31&include_temporarily_unavailable=false"
2022,"North Dakota",77,168,0,107,61,"https://afdc.energy.gov/stations/states?count=public&date=2022-12-31&include_temporarily_unavailable=false"
2022,"Nebraska",209,437,0,331,106,"https://afdc.energy.gov/stations/states?count=public&date=2022-12-31&include_temporarily_unavailable=false"
2022,"New Hampshire",172,418,4,278,136,"https://afdc.energy.gov/stations/states?count=public&date=2022-12-31&include_temporarily_unavailable=false"
2022,"New Jersey",847,2396,10,1646,740,"https://afdc.energy.gov/stations/states?count=public&date=2022-12-31&include_temporarily_unavailable=false"
2022,"New Mexico",195,477,2,321,154,"https://afdc.energy.gov/stations/states?count=public&date=2022-12-31&include_temporarily_unavailable=false"
2022,"Nevada",456,1553,3,1126,424,"https://afdc.energy.gov/stations/states?count=public&date=2022-12-31&include_temporarily_unavailable=false"
2022,"New York",3133,8688,15,7526,1147,"https://afdc.energy.gov/stations/states?count=public&date=2022-12-31&include_temporarily_unavailable=false"
2022,"Ohio",1178,2648,7,2202,439,"https://afdc.energy.gov/stations/states?count=public&date=2022-12-31&include_temporarily_unavailable=false"
2022,"Oklahoma",308,1010,3,385,622,"https://afdc.energy.gov/stations/states?count=public&date=2022-12-31&include_temporarily_unavailable=false"
2022,"Oregon",925,2203,30,1694,479,"https://afdc.energy.gov/stations/states?count=public&date=2022-12-31&include_temporarily_unavailable=false"
2022,"Pennsylvania",1238,3074,15,2355,704,"https://afdc.energy.gov/stations/states?count=public&date=2022-12-31&include_temporarily_unavailable=false"
2022,"Rhode Island",274,660,20,566,74,"https://afdc.energy.gov/stations/states?count=public&date=2022-12-31&include_temporarily_unavailable=false"
2022,"South Carolina",359,878,2,614,262,"https://afdc.energy.gov/stations/states?count=public&date=2022-12-31&include_temporarily_unavailable=false"
2022,"South Dakota",64,171,0,93,78,"https://afdc.energy.gov/stations/states?count=public&date=2022-12-31&include_temporarily_unavailable=false"
2022,"Tennessee",604,1429,2,1163,264,"https://afdc.energy.gov/stations/states?count=public&date=2022-12-31&include_temporarily_unavailable=false"
2022,"Texas",2340,6000,13,4577,1410,"https://afdc.energy.gov/stations/states?count=public&date=2022-12-31&include_temporarily_unavailable=false"
2022,"Utah",756,1801,3,1542,256,"https://afdc.energy.gov/stations/states?count=public&date=2022-12-31&include_temporarily_unavailable=false"
2022,"Virginia",1079,3070,47,2173,850,"https://afdc.energy.gov/stations/states?count=public&date=2022-12-31&include_temporarily_unavailable=false"
2022,"Vermont",338,873,35,733,105,"https://afdc.energy.gov/stations/states?count=public&date=2022-12-31&include_temporarily_unavailable=false"
2022,"Washington",1618,4073,75,3193,805,"https://afdc.energy.gov/stations/states?count=public&date=2022-12-31&include_temporarily_unavailable=false"
2022,"Wisconsin",442,1047,4,773,270,"https://afdc.energy.gov/stations/states?count=public&date=2022-12-31&include_temporarily_unavailable=false"
2022,"West Virginia",116,348,2,241,105,"https://afdc.energy.gov/stations/states?count=public&date=2022-12-31&include_temporarily_unavailable=false"
2022,"Wyoming",76,201,4,105,92,"https://afdc.energy.gov/stations/states?count=public&date=2022-12-31&include_temporarily_unavailable=false"
2022,"Total",49794,129352,882,100580,27851,"https://afdc.energy.gov/stations/states?count=public&date=2022-12-31&include_temporarily_unavailable=false"
2023,"Alaska",59,115,0,81,34,"https://afdc.energy.gov/stations/states?count=public&date=2023-12-31&include_temporarily_unavailable=false"
2023,"Alabama",343,911,0,558,353,"https://afdc.energy.gov/stations/states?count=public&date=2023-12-31&include_temporarily_unavailable=false"
2023,"Arkansas",312,800,0,679,121,"https://afdc.energy.gov/stations/states?count=public&date=2023-12-31&include_temporarily_unavailable=false"
2023,"Arizona",1145,3369,0,2357,1012,"https://afdc.energy.gov/stations/states?count=public&date=2023-12-31&include_temporarily_unavailable=false"
2023,"California",15571,43072,205,32478,10371,"https://afdc.energy.gov/stations/states?count=public&date=2023-12-31&include_temporarily_unavailable=false"
2023,"Colorado",2047,4967,56,3986,925,"https://afdc.energy.gov/stations/states?count=public&date=2023-12-31&include_temporarily_unavailable=false"
2023,"Connecticut",735,2129,9,1706,413,"https://afdc.energy.gov/stations/states?count=public&date=2023-12-31&include_temporarily_unavailable=false"
2023,"District of Columbia",324,1024,2,973,49,"https://afdc.energy.gov/stations/states?count=public&date=2023-12-31&include_temporarily_unavailable=false"
2023,"Delaware",186,502,2,303,197,"https://afdc.energy.gov/stations/states?count=public&date=2023-12-31&include_temporarily_unavailable=false"
2023,"Florida",3229,8967,24,6793,2150,"https://afdc.energy.gov/stations/states?count=public&date=2023-12-31&include_temporarily_unavailable=false"
2023,"Georgia",1810,4804,200,3520,1084,"https://afdc.energy.gov/stations/states?count=public&date=2023-12-31&include_temporarily_unavailable=false"
2023,"Hawaii",357,783,1,715,67,"https://afdc.energy.gov/stations/states?count=public&date=2023-12-31&include_temporarily_unavailable=false"
2023,"Iowa",350,804,0,497,307,"https://afdc.energy.gov/stations/states?count=public&date=2023-12-31&include_temporarily_unavailable=false"
2023,"Idaho",165,423,0,287,136,"https://afdc.energy.gov/stations/states?count=public&date=2023-12-31&include_temporarily_unavailable=false"
2023,"Illinois",1253,3273,3,2300,970,"https://afdc.energy.gov/stations/states?count=public&date=2023-12-31&include_temporarily_unavailable=false"
2023,"Indiana",509,1437,0,932,505,"https://afdc.energy.gov/stations/states?count=public&date=2023-12-31&include_temporarily_unavailable=false"
2023,"Kansas",513,1119,0,897,222,"https://afdc.energy.gov/stations/states?count=public&date=2023-12-31&include_temporarily_unavailable=false"
2023,"Kentucky",308,808,8,592,208,"https://afdc.energy.gov/stations/states?count=public&date=2023-12-31&include_temporarily_unavailable=false"
2023,"Louisiana",235,640,1,420,219,"https://afdc.energy.gov/stations/states?count=public&date=2023-12-31&include_temporarily_unavailable=false"
2023,"Massachusetts",2832,6599,5,5931,663,"https://afdc.energy.gov/stations/states?count=public&date=2023-12-31&include_temporarily_unavailable=false"
2023,"Maryland",1598,4577,13,3646,918,"https://afdc.energy.gov/stations/states?count=public&date=2023-12-31&include_temporarily_unavailable=false"
2023,"Maine",464,1015,4,789,222,"https://afdc.energy.gov/stations/states?count=public&date=2023-12-31&include_temporarily_unavailable=false"
2023,"Michigan",1367,3108,3,2397,701,"https://afdc.energy.gov/stations/states?count=public&date=2023-12-31&include_temporarily_unavailable=false"
2023,"Minnesota",734,1877,20,1420,437,"https://afdc.energy.gov/stations/states?count=public&date=2023-12-31&include_temporarily_unavailable=false"
2023,"Missouri",1183,2608,1,2167,440,"https://afdc.energy.gov/stations/states?count=public&date=2023-12-31&include_temporarily_unavailable=false"
2023,"Mississippi",141,395,0,280,115,"https://afdc.energy.gov/stations/states?count=public&date=2023-12-31&include_temporarily_unavailable=false"
2023,"Montana",121,342,2,176,164,"https://afdc.energy.gov/stations/states?count=public&date=2023-12-31&include_temporarily_unavailable=false"
2023,"North Carolina",1483,3844,10,2855,979,"https://afdc.energy.gov/stations/states?count=public&date=2023-12-31&include_temporarily_unavailable=false"
2023,"North Dakota",95,205,0,117,88,"https://afdc.energy.gov/stations/states?count=public&date=2023-12-31&include_temporarily_unavailable=false"
2023,"Nebraska",255,548,0,395,153,"https://afdc.energy.gov/stations/states?count=public&date=2023-12-31&include_temporarily_unavailable=false"
2023,"New Hampshire",228,537,3,359,175,"https://afdc.energy.gov/stations/states?count=public&date=2023-12-31&include_temporarily_unavailable=false"
2023,"New Jersey",1206,3399,10,2391,998,"https://afdc.energy.gov/stations/states?count=public&date=2023-12-31&include_temporarily_unavailable=false"
2023,"New Mexico",263,645,2,404,239,"https://afdc.energy.gov/stations/states?count=public&date=2023-12-31&include_temporarily_unavailable=false"
2023,"Nevada",570,1851,3,1228,620,"https://afdc.energy.gov/stations/states?count=public&date=2023-12-31&include_temporarily_unavailable=false"
2023,"New York",3685,10244,7,8913,1324,"https://afdc.energy.gov/stations/states?count=public&date=2023-12-31&include_temporarily_unavailable=false"
2023,"Ohio",1517,3482,8,2731,743,"https://afdc.energy.gov/stations/states?count=public&date=2023-12-31&include_temporarily_unavailable=false"
2023,"Oklahoma",328,1284,1,442,841,"https://afdc.energy.gov/stations/states?count=public&date=2023-12-31&include_temporarily_unavailable=false"
2023,"Oregon",1173,2920,29,2103,788,"https://afdc.energy.gov/stations/states?count=public&date=2023-12-31&include_temporarily_unavailable=false"
2023,"Pennsylvania",1629,4110,15,3099,996,"https://afdc.energy.gov/stations/states?count=public&date=2023-12-31&include_temporarily_unavailable=false"
2023,"Rhode Island",292,692,20,581,91,"https://afdc.energy.gov/stations/states?count=public&date=2023-12-31&include_temporarily_unavailable=false"
2023,"South Carolina",500,1264,1,813,450,"https://afdc.energy.gov/stations/states?count=public&date=2023-12-31&include_temporarily_unavailable=false"
2023,"South Dakota",93,227,0,124,103,"https://afdc.energy.gov/stations/states?count=public&date=2023-12-31&include_temporarily_unavailable=false"
2023,"Tennessee",829,1969,2,1489,478,"https://afdc.energy.gov/stations/states?count=public&date=2023-12-31&include_temporarily_unavailable=false"
2023,"Texas",2974,8285,0,6028,2257,"https://afdc.energy.gov/stations/states?count=public&date=2023-12-31&include_temporarily_unavailable=false"
2023,"Utah",870,2135,1,1802,332,"https://afdc.energy.gov/stations/states?count=public&date=2023-12-31&include_temporarily_unavailable=false"
2023,"Virginia",1429,4034,36,2928,1070,"https://afdc.energy.gov/stations/states?count=public&date=2023-12-31&include_temporarily_unavailable=false"
2023,"Vermont",364,912,19,774,119,"https://afdc.energy.gov/stations/states?count=public&date=2023-12-31&include_temporarily_unavailable=false"
2023,"Washington",2048,5369,21,4283,1065,"https://afdc.energy.gov/stations/states?count=public&date=2023-12-31&include_temporarily_unavailable=false"
2023,"Wisconsin",544,1326,5,909,412,"https://afdc.energy.gov/stations/states?count=public&date=2023-12-31&include_temporarily_unavailable=false"
2023,"West Virginia",135,413,2,272,139,"https://afdc.energy.gov/stations/states?count=public&date=2023-12-31&include_temporarily_unavailable=false"
2023,"Wyoming",94,240,1,133,106,"https://afdc.energy.gov/stations/states?count=public&date=2023-12-31&include_temporarily_unavailable=false"
2023,"Total",60495,160403,755,122053,37569,"https://afdc.energy.gov/stations/states?count=public&date=2023-12-31&include_temporarily_unavailable=false"
2024,"Alaska",64,138,0,104,34,"https://afdc.energy.gov/stations/states?count=public&date=2024-12-31&include_temporarily_unavailable=false"
2024,"Alabama",478,1364,2,705,657,"https://afdc.energy.gov/stations/states?count=public&date=2024-12-31&include_temporarily_unavailable=false"
2024,"Arkansas",350,906,0,734,172,"https://afdc.energy.gov/stations/states?count=public&date=2024-12-31&include_temporarily_unavailable=false"
2024,"Arizona",1360,3994,0,2878,1116,"https://afdc.energy.gov/stations/states?count=public&date=2024-12-31&include_temporarily_unavailable=false"
2024,"California",16581,49105,232,35799,13057,"https://afdc.energy.gov/stations/states?count=public&date=2024-12-31&include_temporarily_unavailable=false"
2024,"Colorado",2317,5638,55,4479,1104,"https://afdc.energy.gov/stations/states?count=public&date=2024-12-31&include_temporarily_unavailable=false"
2024,"Connecticut",1196,3484,10,2909,564,"https://afdc.energy.gov/stations/states?count=public&date=2024-12-31&include_temporarily_unavailable=false"
2024,"District of Columbia",323,1074,2,1010,62,"https://afdc.energy.gov/stations/states?count=public&date=2024-12-31&include_temporarily_unavailable=false"
2024,"Delaware",238,632,2,372,258,"https://afdc.energy.gov/stations/states?count=public&date=2024-12-31&include_temporarily_unavailable=false"
2024,"Florida",3612,11106,22,8124,2960,"https://afdc.energy.gov/stations/states?count=public&date=2024-12-31&include_temporarily_unavailable=false"
2024,"Georgia",2113,5864,196,4268,1400,"https://afdc.energy.gov/stations/states?count=public&date=2024-12-31&include_temporarily_unavailable=false"
2024,"Hawaii",350,813,1,695,117,"https://afdc.energy.gov/stations/states?count=public&date=2024-12-31&include_temporarily_unavailable=false"
2024,"Iowa",434,1016,0,605,411,"https://afdc.energy.gov/stations/states?count=public&date=2024-12-31&include_temporarily_unavailable=false"
2024,"Idaho",209,522,0,338,184,"https://afdc.energy.gov/stations/states?count=public&date=2024-12-31&include_temporarily_unavailable=false"
2024,"Illinois",1433,4000,4,2701,1295,"https://afdc.energy.gov/stations/states?count=public&date=2024-12-31&include_temporarily_unavailable=false"
2024,"Indiana",634,1789,0,1046,743,"https://afdc.energy.gov/stations/states?count=public&date=2024-12-31&include_temporarily_unavailable=false"
2024,"Kansas",538,1153,0,900,253,"https://afdc.energy.gov/stations/states?count=public&date=2024-12-31&include_temporarily_unavailable=false"
2024,"Kentucky",346,968,4,655,309,"https://afdc.energy.gov/stations/states?count=public&date=2024-12-31&include_temporarily_unavailable=false"
2024,"Louisiana",289,771,0,483,288,"https://afdc.energy.gov/stations/states?count=public&date=2024-12-31&include_temporarily_unavailable=false"
2024,"Massachusetts",3462,8425,21,7348,1056,"https://afdc.energy.gov/stations/states?count=public&date=2024-12-31&include_temporarily_unavailable=false"
2024,"Maryland",1600,4503,12,3486,1005,"https://afdc.energy.gov/stations/states?count=public&date=2024-12-31&include_temporarily_unavailable=false"
2024,"Maine",512,1158,3,873,282,"https://afdc.energy.gov/stations/states?count=public&date=2024-12-31&include_temporarily_unavailable=false"
2024,"Michigan",1609,3745,3,2752,983,"https://afdc.energy.gov/stations/states?count=public&date=2024-12-31&include_temporarily_unavailable=false"
2024,"Minnesota",905,2391,17,1699,675,"https://afdc.energy.gov/stations/states?count=public&date=2024-12-31&include_temporarily_unavailable=false"
2024,"Missouri",1287,2952,0,2346,606,"https://afdc.energy.gov/stations/states?count=public&date=2024-12-31&include_temporarily_unavailable=false"
2024,"Mississippi",180,463,0,313,150,"https://afdc.energy.gov/stations/states?count=public&date=2024-12-31&include_temporarily_unavailable=false"
2024,"Montana",160,440,2,204,234,"https://afdc.energy.gov/stations/states?count=public&date=2024-12-31&include_temporarily_unavailable=false"
2024,"North Carolina",1717,4748,9,3414,1325,"https://afdc.energy.gov/stations/states?count=public&date=2024-12-31&include_temporarily_unavailable=false"
2024,"North Dakota",99,236,0,120,116,"https://afdc.energy.gov/stations/states?count=public&date=2024-12-31&include_temporarily_unavailable=false"
2024,"Nebraska",280,609,0,409,200,"https://afdc.energy.gov/stations/states?count=public&date=2024-12-31&include_temporarily_unavailable=false"
2024,"New Hampshire",276,704,3,443,258,"https://afdc.energy.gov/stations/states?count=public&date=2024-12-31&include_temporarily_unavailable=false"
2024,"New Jersey",1484,4491,10,3060,1421,"https://afdc.energy.gov/stations/states?count=public&date=2024-12-31&include_temporarily_unavailable=false"
2024,"New Mexico",331,805,2,461,342,"https://afdc.energy.gov/stations/states?count=public&date=2024-12-31&include_temporarily_unavailable=false"
2024,"Nevada",640,2336,4,1481,851,"https://afdc.energy.gov/stations/states?count=public&date=2024-12-31&include_temporarily_unavailable=false"
2024,"New York",4539,15852,11,13854,1987,"https://afdc.energy.gov/stations/states?count=public&date=2024-12-31&include_temporarily_unavailable=false"
2024,"Ohio",1742,4268,7,3167,1094,"https://afdc.energy.gov/stations/states?count=public&date=2024-12-31&include_temporarily_unavailable=false"
2024,"Oklahoma",373,1534,1,582,951,"https://afdc.energy.gov/stations/states?count=public&date=2024-12-31&include_temporarily_unavailable=false"
2024,"Oregon",1454,3562,28,2557,977,"https://afdc.energy.gov/stations/states?count=public&date=2024-12-31&include_temporarily_unavailable=false"
2024,"Pennsylvania",1897,4905,15,3646,1244,"https://afdc.energy.gov/stations/states?count=public&date=2024-12-31&include_temporarily_unavailable=false"
2024,"Rhode Island",344,831,20,691,120,"https://afdc.energy.gov/stations/states?count=public&date=2024-12-31&include_temporarily_unavailable=false"
2024,"South Carolina",599,1592,1,1066,525,"https://afdc.energy.gov/stations/states?count=public&date=2024-12-31&include_temporarily_unavailable=false"
2024,"South Dakota",116,319,0,173,146,"https://afdc.energy.gov/stations/states?count=public&date=2024-12-31&include_temporarily_unavailable=false"
2024,"Tennessee",943,2392,0,1646,746,"https://afdc.energy.gov/stations/states?count=public&date=2024-12-31&include_temporarily_unavailable=false"
2024,"Texas",3693,10628,0,7408,3220,"https://afdc.energy.gov/stations/states?count=public&date=2024-12-31&include_temporarily_unavailable=false"
2024,"Utah",915,2554,9,2048,497,"https://afdc.energy.gov/stations/states?count=public&date=2024-12-31&include_temporarily_unavailable=false"
2024,"Virginia",1761,4895,30,3566,1299,"https://afdc.energy.gov/stations/states?count=public&date=2024-12-31&include_temporarily_unavailable=false"
2024,"Vermont",444,1134,19,913,202,"https://afdc.energy.gov/stations/states?count=public&date=2024-12-31&include_temporarily_unavailable=false"
2024,"Washington",2376,6423,19,4942,1462,"https://afdc.energy.gov/stations/states?count=public&date=2024-12-31&include_temporarily_unavailable=false"
2024,"Wisconsin",715,1730,9,1097,624,"https://afdc.energy.gov/stations/states?count=public&date=2024-12-31&include_temporarily_unavailable=false"
2024,"West Virginia",157,465,2,306,157,"https://afdc.energy.gov/stations/states?count=public&date=2024-12-31&include_temporarily_unavailable=false"
2024,"Wyoming",108,272,1,143,128,"https://afdc.energy.gov/stations/states?count=public&date=2024-12-31&include_temporarily_unavailable=false"
2024,"Total",69583,195699,788,145019,49867,"https://afdc.energy.gov/stations/states?count=public&date=2024-12-31&include_temporarily_unavailable=false"
2025,"Alaska",71,196,0,107,89,"https://afdc.energy.gov/stations/states?count=public&date=2025-12-31&include_temporarily_unavailable=false"
2025,"Alabama",543,1654,2,806,846,"https://afdc.energy.gov/stations/states?count=public&date=2025-12-31&include_temporarily_unavailable=false"
2025,"Arkansas",374,1087,0,841,246,"https://afdc.energy.gov/stations/states?count=public&date=2025-12-31&include_temporarily_unavailable=false"
2025,"Arizona",1510,4619,2,3257,1360,"https://afdc.energy.gov/stations/states?count=public&date=2025-12-31&include_temporarily_unavailable=false"
2025,"California",19003,62614,281,45525,16794,"https://afdc.energy.gov/stations/states?count=public&date=2025-12-31&include_temporarily_unavailable=false"
2025,"Colorado",2560,6648,55,5086,1507,"https://afdc.energy.gov/stations/states?count=public&date=2025-12-31&include_temporarily_unavailable=false"
2025,"Connecticut",1473,4495,9,3735,750,"https://afdc.energy.gov/stations/states?count=public&date=2025-12-31&include_temporarily_unavailable=false"
2025,"District of Columbia",321,1079,2,1019,58,"https://afdc.energy.gov/stations/states?count=public&date=2025-12-31&include_temporarily_unavailable=false"
2025,"Delaware",250,781,2,486,293,"https://afdc.energy.gov/stations/states?count=public&date=2025-12-31&include_temporarily_unavailable=false"
2025,"Florida",4110,13650,21,9386,4243,"https://afdc.energy.gov/stations/states?count=public&date=2025-12-31&include_temporarily_unavailable=false"
2025,"Georgia",2384,7318,92,5230,1996,"https://afdc.energy.gov/stations/states?count=public&date=2025-12-31&include_temporarily_unavailable=false"
2025,"Hawaii",379,964,1,786,177,"https://afdc.energy.gov/stations/states?count=public&date=2025-12-31&include_temporarily_unavailable=false"
2025,"Iowa",480,1230,0,700,530,"https://afdc.energy.gov/stations/states?count=public&date=2025-12-31&include_temporarily_unavailable=false"
2025,"Idaho",227,636,0,379,257,"https://afdc.energy.gov/stations/states?count=public&date=2025-12-31&include_temporarily_unavailable=false"
2025,"Illinois",1722,5287,4,3129,2154,"https://afdc.energy.gov/stations/states?count=public&date=2025-12-31&include_temporarily_unavailable=false"
2025,"Indiana",683,2015,0,1136,879,"https://afdc.energy.gov/stations/states?count=public&date=2025-12-31&include_temporarily_unavailable=false"
2025,"Kansas",557,1292,0,951,341,"https://afdc.energy.gov/stations/states?count=public&date=2025-12-31&include_temporarily_unavailable=false"
2025,"Kentucky",374,1095,4,683,408,"https://afdc.energy.gov/stations/states?count=public&date=2025-12-31&include_temporarily_unavailable=false"
2025,"Louisiana",288,841,0,477,364,"https://afdc.energy.gov/stations/states?count=public&date=2025-12-31&include_temporarily_unavailable=false"
2025,"Massachusetts",4074,10303,22,8575,1706,"https://afdc.energy.gov/stations/states?count=public&date=2025-12-31&include_temporarily_unavailable=false"
2025,"Maryland",1754,5502,12,4128,1362,"https://afdc.energy.gov/stations/states?count=public&date=2025-12-31&include_temporarily_unavailable=false"
2025,"Maine",634,1552,3,1183,366,"https://afdc.energy.gov/stations/states?count=public&date=2025-12-31&include_temporarily_unavailable=false"
2025,"Michigan",1947,5260,4,3727,1522,"https://afdc.energy.gov/stations/states?count=public&date=2025-12-31&include_temporarily_unavailable=false"
2025,"Minnesota",1064,2897,13,2041,843,"https://afdc.energy.gov/stations/states?count=public&date=2025-12-31&include_temporarily_unavailable=false"
2025,"Missouri",1327,3219,1,2447,771,"https://afdc.energy.gov/stations/states?count=public&date=2025-12-31&include_temporarily_unavailable=false"
2025,"Mississippi",224,668,0,350,318,"https://afdc.energy.gov/stations/states?count=public&date=2025-12-31&include_temporarily_unavailable=false"
2025,"Montana",151,464,0,217,247,"https://afdc.energy.gov/stations/states?count=public&date=2025-12-31&include_temporarily_unavailable=false"
2025,"North Carolina",1939,5822,9,4042,1771,"https://afdc.energy.gov/stations/states?count=public&date=2025-12-31&include_temporarily_unavailable=false"
2025,"North Dakota",110,277,1,131,145,"https://afdc.energy.gov/stations/states?count=public&date=2025-12-31&include_temporarily_unavailable=false"
2025,"Nebraska",316,696,0,470,226,"https://afdc.energy.gov/stations/states?count=public&date=2025-12-31&include_temporarily_unavailable=false"
2025,"New Hampshire",299,797,3,469,325,"https://afdc.energy.gov/stations/states?count=public&date=2025-12-31&include_temporarily_unavailable=false"
2025,"New Jersey",1727,5476,14,3539,1923,"https://afdc.energy.gov/stations/states?count=public&date=2025-12-31&include_temporarily_unavailable=false"
2025,"New Mexico",443,1130,3,586,541,"https://afdc.energy.gov/stations/states?count=public&date=2025-12-31&include_temporarily_unavailable=false"
2025,"Nevada",646,2615,4,1528,1083,"https://afdc.energy.gov/stations/states?count=public&date=2025-12-31&include_temporarily_unavailable=false"
2025,"New York",5060,18390,11,15564,2815,"https://afdc.energy.gov/stations/states?count=public&date=2025-12-31&include_temporarily_unavailable=false"
2025,"Ohio",1908,5076,6,3701,1369,"https://afdc.energy.gov/stations/states?count=public&date=2025-12-31&include_temporarily_unavailable=false"
2025,"Oklahoma",404,1669,1,652,1016,"https://afdc.energy.gov/stations/states?count=public&date=2025-12-31&include_temporarily_unavailable=false"
2025,"Oregon",1578,4129,37,2910,1182,"https://afdc.energy.gov/stations/states?count=public&date=2025-12-31&include_temporarily_unavailable=false"
2025,"Pennsylvania",2039,5666,13,3909,1744,"https://afdc.energy.gov/stations/states?count=public&date=2025-12-31&include_temporarily_unavailable=false"
2025,"Rhode Island",353,866,20,719,127,"https://afdc.energy.gov/stations/states?count=public&date=2025-12-31&include_temporarily_unavailable=false"
2025,"South Carolina",665,2051,1,1190,860,"https://afdc.energy.gov/stations/states?count=public&date=2025-12-31&include_temporarily_unavailable=false"
2025,"South Dakota",116,314,0,163,151,"https://afdc.energy.gov/stations/states?count=public&date=2025-12-31&include_temporarily_unavailable=false"
2025,"Tennessee",1122,3043,1,2078,964,"https://afdc.energy.gov/stations/states?count=public&date=2025-12-31&include_temporarily_unavailable=false"
2025,"Texas",3944,12164,3,7598,4563,"https://afdc.energy.gov/stations/states?count=public&date=2025-12-31&include_temporarily_unavailable=false"
2025,"Utah",955,2841,4,2114,723,"https://afdc.energy.gov/stations/states?count=public&date=2025-12-31&include_temporarily_unavailable=false"
2025,"Virginia",1870,5439,27,3787,1625,"https://afdc.energy.gov/stations/states?count=public&date=2025-12-31&include_temporarily_unavailable=false"
2025,"Vermont",526,1343,19,1053,271,"https://afdc.energy.gov/stations/states?count=public&date=2025-12-31&include_temporarily_unavailable=false"
2025,"Washington",2792,7807,15,5823,1969,"https://afdc.energy.gov/stations/states?count=public&date=2025-12-31&include_temporarily_unavailable=false"
2025,"Wisconsin",826,2140,9,1347,784,"https://afdc.energy.gov/stations/states?count=public&date=2025-12-31&include_temporarily_unavailable=false"
2025,"West Virginia",190,559,2,343,214,"https://afdc.energy.gov/stations/states?count=public&date=2025-12-31&include_temporarily_unavailable=false"
2025,"Wyoming",120,333,1,165,167,"https://afdc.energy.gov/stations/states?count=public&date=2025-12-31&include_temporarily_unavailable=false"
2025,"Total",78432,238009,734,170268,66985,"https://afdc.energy.gov/stations/states?count=public&date=2025-12-31&include_temporarily_unavailable=false"
